region,state,district,age_0_5,age_5_17,total_enrolment,gen_alpha_share,gen_z_share
Central,Chhattisgarh,Janjgir - Champa,32,1,33,96.96969696969697,3.0303030303030303
Central,Chhattisgarh,Balod,1603,71,1678,95.53039332538737,4.231227651966627
Central,Chhattisgarh,Dhamtari,1876,89,1968,95.32520325203252,4.522357723577236
Central,Madhya Pradesh,Mandla,4645,261,4911,94.58358786397882,5.31459987782529
Central,Madhya Pradesh,Chhindwara,8308,625,8981,92.50640240507738,6.959135953679992
Central,Madhya Pradesh,Balaghat,6237,540,6805,91.65319617927994,7.935341660543719
Central,Madhya Pradesh,Seoni,5558,513,6081,91.39944088143397,8.436112481499753
Central,Madhya Pradesh,Dindori,2409,249,2659,90.59796916133885,9.364422715306505
Central,Chhattisgarh,Rajnandgaon,3791,371,4185,90.58542413381123,8.86499402628435
Central,Madhya Pradesh,Maihar,378,20,418,90.43062200956938,4.784688995215311
Central,Chhattisgarh,Kabeerdham,860,92,955,90.0523560209424,9.63350785340314
Central,Madhya Pradesh,Mandsaur,7444,808,8276,89.94683421942968,9.763170613823103
Central,Madhya Pradesh,Sidhi,5606,671,6292,89.09726636999365,10.664335664335663
Central,Madhya Pradesh,Anuppur,2864,349,3226,88.77867327960323,10.818350898946063
Central,Chhattisgarh,Bemetara,2458,302,2771,88.70443883074702,10.8985925658607
Central,Chhattisgarh,Raipur,6205,779,7041,88.12668655020593,11.063769350944467
Central,Chhattisgarh,Baloda Bazar,4349,562,4944,87.96521035598705,11.367313915857604
Central,Chhattisgarh,Kawardha,1884,257,2142,87.95518207282913,11.99813258636788
Central,Chhattisgarh,Mungeli,2600,355,2957,87.92695299289821,12.005410889414946
Central,Chhattisgarh,Janjgir-champa,4066,572,4639,87.64820004311275,12.330243586979952
Central,Madhya Pradesh,Bhopal,11256,1452,12862,87.5136059710776,11.289068574094232
Central,Madhya Pradesh,Ujjain,12450,1763,14308,87.01425775789768,12.321778026279006
Central,Chhattisgarh,Raigarh,4294,625,4956,86.64245359160614,12.610976594027443
Central,Madhya Pradesh,Singrauli,5669,859,6550,86.54961832061069,13.114503816793894
Central,Madhya Pradesh,Mauganj,379,58,438,86.5296803652968,13.24200913242009
Central,Madhya Pradesh,Rewa,9346,1463,10838,86.2336224395645,13.498800516700499
Central,Madhya Pradesh,Hoshangabad,5158,812,5982,86.22534269475092,13.574055499832832
Central,Chhattisgarh,Durg,3528,520,4095,86.15384615384616,12.698412698412698
Central,Chhattisgarh,Korba,3040,489,3542,85.82721626199887,13.80575945793337
Central,Chhattisgarh,Sarangarh-Bilaigarh,159,24,186,85.48387096774194,12.903225806451612
Central,Madhya Pradesh,Jabalpur,10653,1713,12467,85.44958690944092,13.740274324215932
Central,Chhattisgarh,Gariyaband,1307,229,1542,84.76005188067445,14.850843060959793
Central,Madhya Pradesh,Shajapur,5937,1070,7025,84.51245551601424,15.231316725978647
Central,Madhya Pradesh,Satna,11198,1946,13276,84.34769508888219,14.658029526965954
Central,Madhya Pradesh,Neemuch,4183,764,4964,84.26672038678485,15.390813859790493
Central,Chhattisgarh,Janjgir Champa,21,4,25,84.0,16.0
Central,Chhattisgarh,Dakshin Bastar Dantewada,1028,172,1224,83.98692810457517,14.052287581699346
Central,Chhattisgarh,Bilaspur,7490,1432,8941,83.77139022480708,16.016105581031205
Central,Madhya Pradesh,Damoh,5081,938,6066,83.76195186284207,15.463237718430598
Central,Chhattisgarh,Kanker,1426,277,1705,83.63636363636363,16.24633431085044
Central,Madhya Pradesh,Betul,6829,1207,8166,83.62723487631644,14.780798432525105
Central,Madhya Pradesh,Sagar,11572,1882,13841,83.60667581822123,13.597283433277942
Central,Madhya Pradesh,Shahdol,4410,828,5297,83.25467245610723,15.631489522371153
Central,Chhattisgarh,Mahasamund,2773,563,3361,82.50520678369533,16.75096697411485
Central,Madhya Pradesh,Narmadapuram,608,100,737,82.4966078697422,13.568521031207597
Central,Madhya Pradesh,Harda *,503,107,610,82.45901639344262,17.54098360655738
Central,Madhya Pradesh,Niwari,117,16,142,82.3943661971831,11.267605633802818
Central,Madhya Pradesh,Umaria,4360,906,5300,82.26415094339623,17.09433962264151
Central,Madhya Pradesh,Agar Malwa,2087,421,2537,82.26251478123768,16.594402837997634
Central,Chhattisgarh,Dantewada,584,126,710,82.25352112676056,17.74647887323944
Central,Chhattisgarh,Gaurela-pendra-marwahi,115,20,140,82.14285714285714,14.285714285714285
Central,Madhya Pradesh,Raisen,6215,1230,7567,82.13294568521209,16.25479053786177
Central,Chhattisgarh,Sakti,373,80,455,81.97802197802197,17.582417582417584
Central,Madhya Pradesh,West Nimar,618,136,760,81.3157894736842,17.894736842105264
Central,Madhya Pradesh,Narsimhapur,966,223,1189,81.24474348191758,18.755256518082422
Central,Madhya Pradesh,Harda,1733,383,2134,81.20899718837863,17.94751640112465
Central,Chhattisgarh,Uttar Bastar Kanker,718,162,888,80.85585585585585,18.243243243243242
Central,Chhattisgarh,Surguja,2866,679,3556,80.59617547806525,19.094488188976378
Central,Madhya Pradesh,Ratlam,6427,1478,7982,80.51866700075169,18.516662490603856
Central,Madhya Pradesh,Dewas,8393,1958,10442,80.37732235203984,18.75119708868033
Central,Madhya Pradesh,Rajgarh,6542,1594,8171,80.06363970138294,19.50801615469343
Central,Madhya Pradesh,Sehore,5155,1308,6518,79.08867750843818,20.06750536974532
Central,Madhya Pradesh,Tikamgarh,5674,1539,7242,78.34852250759458,21.251035625517815
Central,Madhya Pradesh,Vidisha,7998,2206,10374,77.09658762290341,21.264700212068632
Central,Madhya Pradesh,Katni,8413,2410,10941,76.89425098254273,22.027236998446213
Central,Madhya Pradesh,Guna,7496,2249,9811,76.40403628580165,22.92324941392315
Central,Chhattisgarh,Surajpur,2250,720,2977,75.57944239166947,24.185421565334227
Central,Madhya Pradesh,Indore,16685,5009,22303,74.81056360130924,22.458862036497333
Central,Madhya Pradesh,Narsinghpur,3860,1222,5174,74.60378817162737,23.618090452261306
Central,Chhattisgarh,Khairagarh Chhuikhadan Gandai,183,63,246,74.39024390243902,25.609756097560975
Central,Chhattisgarh,Balrampur,4593,1528,6190,74.20032310177706,24.68497576736672
Central,Madhya Pradesh,Panna,6807,2404,9339,72.88788949566334,25.741514080736692
Central,Chhattisgarh,Bastar,4794,1808,6608,72.54842615012107,27.36077481840194
Central,Madhya Pradesh,Ashok Nagar,3726,1285,5178,71.9582850521437,24.81653147933565
Central,Chhattisgarh,Mohalla-Manpur-Ambagarh Chowki,10,4,14,71.42857142857143,28.57142857142857
Central,Chhattisgarh,Koriya,1258,504,1763,71.35564378899602,28.587634713556437
Central,Madhya Pradesh,Khandwa,3207,1232,4521,70.93563370935634,27.25060827250608
Central,Madhya Pradesh,Dhar,8734,3553,12712,68.70673379483952,27.949968533668972
Central,Madhya Pradesh,Datia,3995,1805,5843,68.37241143248332,30.89166524045867
Central,Madhya Pradesh,Burhanpur,6542,2759,9689,67.51986789142327,28.475590876251417
Central,Madhya Pradesh,Pandhurna,66,4,98,67.3469387755102,4.081632653061225
Central,Madhya Pradesh,Khargone,9870,4663,15039,65.6293636544983,31.00605093423765
Central,Chhattisgarh,Jashpur,1666,875,2543,65.51317341722374,34.40817931576878
Central,Madhya Pradesh,Gwalior,12110,5602,18542,65.31118541689138,30.212490561967424
Central,Chhattisgarh,Kondagaon,1975,1054,3038,65.00987491770903,34.69387755102041
Central,Madhya Pradesh,Chhatarpur,11504,5965,17836,64.49876653958286,33.443597219107424
Central,Chhattisgarh,Manendragarh–Chirmiri–Bharatpur,188,106,294,63.94557823129252,36.054421768707485
Central,Chhattisgarh,Gaurella Pendra Marwahi,623,290,983,63.377416073245165,29.50152594099695
Central,Madhya Pradesh,Morena,14064,7647,22381,62.8390152361378,34.16737411196997
Central,Chhattisgarh,Mohla-Manpur-Ambagarh Chouki,162,93,259,62.54826254826254,35.907335907335906
Central,Madhya Pradesh,Bhind,8483,4845,13967,60.73602062003294,34.6889095725639
Central,Madhya Pradesh,East Nimar,2338,1500,3859,60.58564394920965,38.87017362010884
Central,Chhattisgarh,Narayanpur,448,306,762,58.79265091863517,40.15748031496063
Central,Madhya Pradesh,Barwani,12801,8355,21823,58.65829629290198,38.28529533061449
Central,Chhattisgarh,Sukma,1256,804,2179,57.64111977971547,36.89765947682423
Central,Madhya Pradesh,Shivpuri,7127,4867,12741,55.937524527117176,38.19951338199513
Central,Chhattisgarh,Bijapur,3601,1761,6724,53.55443188578227,26.189767995240924
Central,Madhya Pradesh,Ashoknagar,1594,1323,3011,52.93922284955165,43.93889073397542
Central,Madhya Pradesh,Sheopur,3765,3326,7230,52.074688796680505,46.00276625172891
Central,Madhya Pradesh,Jhabua,6586,6570,13488,48.82858837485172,48.70996441281139
Central,Madhya Pradesh,Alirajpur,3251,3390,7010,46.37660485021398,48.35948644793152
East,Jharkhand,Bokaro *,2,0,2,100.0,0.0
East,Odisha,ANGUL,1,0,1,100.0,0.0
East,West Bengal,Burdwan,2,0,2,100.0,0.0
East,West Bengal,East Midnapur,1,0,1,100.0,0.0
East,West Bengal,Hooghiy,1,0,1,100.0,0.0
East,West Bengal,NADIA,3,0,3,100.0,0.0
East,West Bengal,South 24 parganas,2,0,2,100.0,0.0
East,West Bengal,MALDA,14,1,15,93.33333333333333,6.666666666666667
East,Odisha,Jharsuguda,1071,86,1157,92.56698357821953,7.433016421780467
East,Odisha,ANUGUL,12,1,13,92.3076923076923,7.6923076923076925
East,West Bengal,Purba Medinipur,12954,1310,14322,90.44826141600335,9.146767211283342
East,Odisha,Jagatsinghpur,626,68,694,90.20172910662824,9.798270893371757
East,Odisha,NUAPADA,35,4,39,89.74358974358975,10.256410256410255
East,West Bengal,Medinipur,26,3,29,89.65517241379311,10.344827586206897
East,Odisha,Jagatsinghapur,2821,304,3149,89.58399491902192,9.653858367735788
East,Odisha,Debagarh,776,95,876,88.58447488584474,10.844748858447488
East,Odisha,Nayagarh,2080,271,2362,88.06096528365792,11.47332768839966
East,West Bengal,Murshidabad,31442,4383,35911,87.55534515886497,12.205173902146974
East,Odisha,Sambalpur,2234,317,2552,87.53918495297806,12.421630094043886
East,Odisha,Ganjam,6709,996,7714,86.97173969406275,12.911589318122893
East,West Bengal,Birbhum,13361,2041,15509,86.14997743245857,13.160100586756077
East,Odisha,Angul,2582,413,3009,85.80923894981721,13.725490196078432
East,Odisha,Kandhamal,2603,438,3049,85.37225319776977,14.365365693670057
East,Odisha,Sonapur,1266,221,1488,85.08064516129032,14.85215053763441
East,Odisha,Subarnapur,339,60,399,84.9624060150376,15.037593984962406
East,West Bengal,East Midnapore,1796,318,2118,84.79697828139756,15.01416430594901
East,Odisha,Puri,2959,548,3511,84.2779834804899,15.60808886357163
East,West Bengal,South Dinajpur,375,71,446,84.08071748878923,15.919282511210762
East,Odisha,Bargarh,4329,818,5150,84.05825242718447,15.883495145631068
East,Odisha,Sundergarh,3341,640,4000,83.525,16.0
East,West Bengal,HOOGHLY,5,1,6,83.33333333333334,16.666666666666664
East,Odisha,Gajapati,1658,318,1994,83.1494483450351,15.947843530591776
East,West Bengal,Purba Bardhaman,2523,390,3041,82.96612956264386,12.824728707661952
East,Odisha,Boudh,1177,245,1424,82.65449438202246,17.20505617977528
East,Odisha,Malkangiri,2333,486,2823,82.64257881686149,17.215727948990438
East,Jharkhand,Purbi Singhbhum,814,172,986,82.55578093306288,17.44421906693712
East,Jharkhand,Garhwa *,314,67,381,82.41469816272966,17.585301837270343
East,Odisha,Sundargarh,486,105,591,82.23350253807106,17.766497461928935
East,West Bengal,Dakshin Dinajpur,5358,1069,6526,82.10235979160282,16.380631320870364
East,Odisha,Anugul,117,26,143,81.81818181818183,18.181818181818183
East,Odisha,Dhenkanal,2358,525,2891,81.56347284676583,18.159806295399516
East,Odisha,Balangir,4254,924,5234,81.27627053878487,17.65380206343141
East,Odisha,Khorda,3496,654,4315,81.0196987253766,15.15643105446118
East,West Bengal,Barddhaman,12816,3006,15836,80.92952765849962,18.982066178327862
East,Odisha,Baleswar,4864,1147,6015,80.86450540315877,19.068994181213633
East,Odisha,Baudh,138,33,171,80.7017543859649,19.298245614035086
East,Odisha,Jajapur,2014,481,2497,80.65678814577493,19.263115738886665
East,Odisha,Kendujhar,4330,1032,5377,80.52817556258137,19.192858471266504
East,Odisha,Nuapada,1666,413,2081,80.05766458433445,19.846227775108122
East,West Bengal,hooghly,8,2,10,80.0,20.0
East,West Bengal,Bankura,9083,2122,11355,79.99119330691326,18.687802730074857
East,Odisha,Kendrapara,3161,753,3962,79.78293791014639,19.00555275113579
East,Odisha,JAJPUR,1967,456,2472,79.57119741100324,18.446601941747574
East,Odisha,Cuttack,4040,1025,5080,79.52755905511812,20.177165354330707
East,Bihar,Kishanganj,6957,1782,8764,79.3815609310817,20.333181195801004
East,West Bengal,Paschim Medinipur,14240,3695,18085,78.73928670168648,20.431296654686204
East,Odisha,Rayagada,2370,672,3045,77.83251231527095,22.06896551724138
East,Odisha,jajpur,14,4,18,77.77777777777779,22.22222222222222
East,Odisha,Khordha,385,98,496,77.62096774193549,19.758064516129032
East,West Bengal,Jhargram,741,171,962,77.02702702702703,17.775467775467778
East,Jharkhand,Palamau,220,66,286,76.92307692307693,23.076923076923077
East,West Bengal,North Dinajpur,263,79,342,76.90058479532163,23.099415204678362
East,Odisha,Mayurbhanj,6227,1860,8122,76.66830829844866,22.900763358778626
East,West Bengal,Hugli,148,46,194,76.28865979381443,23.711340206185564
East,Jharkhand,Palamu,6548,1994,8606,76.08645131303741,23.16988147803858
East,Odisha,Baleshwar,641,204,845,75.85798816568048,24.142011834319526
East,West Bengal,Bardhaman,1345,428,1776,75.73198198198197,24.0990990990991
East,West Bengal,North Twenty Four Parganas,1226,399,1627,75.35341118623234,24.523663183773817
East,West Bengal,North 24 Parganas,21517,5741,28606,75.21848563238481,20.069216248339508
East,West Bengal,West Midnapore,1647,540,2190,75.20547945205479,24.65753424657534
East,West Bengal,Nadia,13244,3623,17710,74.78260869565217,20.457368718238282
East,Odisha,Kalahandi,3350,1071,4485,74.69342251950948,23.879598662207357
East,West Bengal,South 24 Parganas,25039,8197,33540,74.65414430530709,24.439475253428743
East,Odisha,Bhadrak,3369,1137,4520,74.5353982300885,25.15486725663717
East,Jharkhand,Garhwa,4523,1535,6073,74.47719413798781,25.27581096657336
East,West Bengal,Malda,11775,3956,15815,74.45463167878597,25.014226999683842
East,West Bengal,24 Paraganas South,364,104,490,74.28571428571429,21.224489795918366
East,Odisha,Nabarangpur,327,103,442,73.98190045248869,23.30316742081448
East,West Bengal,Darjiling,535,189,726,73.69146005509641,26.033057851239672
East,West Bengal,Puruliya,9674,3412,13219,73.18254028292608,25.81133217338679
East,Jharkhand,East Singhbhum,5983,2109,8191,73.0435844219265,25.747771944817483
East,West Bengal,Hooghly,11132,3853,15327,72.62999934755659,25.13864422261369
East,West Bengal,South Twenty Four Parganas,2978,1125,4107,72.51034818602386,27.39225712198685
East,Odisha,Koraput,3172,1165,4383,72.37052247319188,26.579968058407484
East,West Bengal,Howrah,8137,3124,11407,71.33339177697906,27.38669238187078
East,Jharkhand,Jamtara,3160,1274,4450,71.01123595505618,28.629213483146067
East,West Bengal,Dinajpur Dakshin,707,256,997,70.91273821464394,25.67703109327984
East,Jharkhand,Simdega,1472,594,2079,70.8032708032708,28.57142857142857
East,Jharkhand,Seraikela-Kharsawan,2398,961,3389,70.75833579226911,28.356447329595753
East,Bihar,Katihar,11332,4903,16350,69.30886850152905,29.987767584097856
East,West Bengal,Purulia,539,243,783,68.83780332056195,31.03448275862069
East,West Bengal,Uttar Dinajpur,18397,8127,26892,68.41067975606127,30.220883534136544
East,West Bengal,Haora,1943,917,2862,67.88958770090846,32.040531097134874
East,West Bengal,Paschim Bardhaman,865,318,1276,67.78996865203762,24.921630094043888
East,West Bengal,Maldah,1190,566,1756,67.76765375854214,32.23234624145786
East,West Bengal,Cooch Behar,7262,3220,10728,67.69202087994034,30.014914243102165
East,Jharkhand,Lohardaga,1984,919,2959,67.04967894558973,31.05778979384927
East,Odisha,Nabarangapur,4174,1990,6229,67.00915074650827,31.947343072724355
East,West Bengal,HOWRAH,2,1,3,66.66666666666666,33.33333333333333
East,West Bengal,nadia,2,1,3,66.66666666666666,33.33333333333333
East,West Bengal,Koch Bihar,2227,1111,3348,66.51732377538829,33.183990442054956
East,Jharkhand,Hazaribagh,4125,2048,6204,66.48936170212765,33.01096067053514
East,Jharkhand,Pakaur,197,100,297,66.32996632996633,33.670033670033675
East,Bihar,Purnea,169,88,257,65.75875486381322,34.24124513618677
East,Jharkhand,Ranchi,9318,4613,14265,65.32071503680336,32.3378899404136
East,Jharkhand,Koderma,2096,1114,3222,65.05276225946616,34.574798261949105
East,Jharkhand,Latehar,1675,923,2609,64.20084323495591,35.377539287083174
East,Jharkhand,Ramgarh,1902,1066,2979,63.84692849949648,35.783820073850286
East,Bihar,Araria,9939,5515,15579,63.79741960331216,35.400218242505936
East,Bihar,Darbhanga,10017,5677,15765,63.5394862036156,36.01014906438313
East,Bihar,Sheohar,2067,1184,3262,63.36603310852238,36.29675045984059
East,Jharkhand,Seraikela-kharsawan,545,316,861,63.29849012775842,36.70150987224158
East,Jharkhand,Hazaribag,358,208,566,63.25088339222616,36.74911660777385
East,Bihar,Aurangabad(BH),5,3,8,62.5,37.5
East,Jharkhand,Dhanbad,6878,4061,11031,62.35155470945517,36.81443205511739
East,Jharkhand,West Singhbhum,4211,2589,6848,61.492406542056074,37.80665887850467
East,Bihar,Begusarai,8106,5045,13209,61.367249602543716,38.19365584071466
East,Jharkhand,Gumla,4083,2524,6701,60.931204297865996,37.66601999701537
East,Bihar,Purnia,12195,7721,20100,60.67164179104477,38.41293532338309
East,Jharkhand,Bokaro,3505,2278,5800,60.43103448275862,39.275862068965516
East,Jharkhand,Godda,3238,2135,5390,60.07421150278292,39.61038961038961
East,Jharkhand,Kodarma,184,126,310,59.354838709677416,40.64516129032258
East,Bihar,Monghyr,29,20,49,59.183673469387756,40.816326530612244
East,Odisha,Jajpur,10,7,17,58.82352941176471,41.17647058823529
East,Bihar,Samastipur,11289,7787,19207,58.77544645181444,40.542510543031185
East,Jharkhand,East Singhbum,848,546,1447,58.60400829302004,37.733241188666206
East,Jharkhand,Pashchimi Singhbhum,346,252,599,57.76293823038397,42.07011686143572
East,Jharkhand,Sahebganj,3636,2670,6321,57.522543901281445,42.24015187470337
East,Jharkhand,Pakur,3971,2908,6924,57.35124205661467,41.99884459849798
East,Bihar,Banka,6198,4797,11074,55.968936247065194,43.317681054722776
East,West Bengal,Dinajpur Uttar,6478,4859,11671,55.50509810641762,41.63310770285323
East,Jharkhand,Chatra,3448,2819,6302,54.71278959060616,44.73183116470962
East,Bihar,Supaul,5691,4563,10411,54.663336855249256,43.82864278167323
East,Jharkhand,Deoghar,4518,3679,8324,54.276790004805385,44.19750120134551
East,West Bengal,Darjeeling,3967,2579,7319,54.20139363300998,35.23705424238284
East,Jharkhand,Khunti,1426,1173,2644,53.933434190620275,44.364599092284415
East,Jharkhand,Giridih,7695,6526,14303,53.79990211843669,45.626791582185554
East,West Bengal,Jalpaiguri,5674,4442,10654,53.25699267880608,41.693260747137224
East,Bihar,Khagaria,4348,3779,8196,53.05026842362128,46.10785749145925
East,West Bengal,24 Paraganas North,3177,2458,6147,51.68374816983895,39.98698552139255
East,Jharkhand,Sahibganj,187,178,365,51.23287671232877,48.76712328767123
East,Bihar,Madhepura,4571,4417,9027,50.63697795502382,48.93098482330785
East,West Bengal,Medinipur West,325,300,645,50.3875968992248,46.51162790697674
East,Bihar,Jamui,5193,5029,10382,50.01926411096128,48.439607012136385
East,Bihar,Samstipur,41,41,82,50.0,50.0
East,West Bengal,Hawrah,3,3,6,50.0,50.0
East,West Bengal,South 24 Pargana,1,1,2,50.0,50.0
East,West Bengal,West Medinipur,1,1,2,50.0,50.0
East,Bihar,Bhagalpur,10456,10229,21062,49.64390846073498,48.56613806855949
East,Bihar,Sitamarhi,20679,18856,42232,48.96523962871756,44.64860769085054
East,Bihar,Muzaffarpur,14087,14103,28855,48.819961878357304,48.87541154046093
East,Bihar,Madhubani,12598,12534,25930,48.58465098341689,48.33783262630158
East,West Bengal,Kolkata,5028,4610,10361,48.528134349966216,44.49377473216871
East,West Bengal,Coochbehar,2140,2087,4410,48.52607709750567,47.32426303854875
East,Bihar,Saharsa,6281,6577,13063,48.08237005282094,50.34831202633392
East,Bihar,Purba Champaran,61,66,127,48.031496062992126,51.96850393700787
East,Jharkhand,Dumka,2743,2996,5825,47.09012875536481,51.433476394849784
East,Bihar,Vaishali,8257,9698,18007,45.854389959460214,53.85683345365692
East,Bihar,Bhabua,14,17,31,45.16129032258064,54.83870967741935
East,Bihar,Lakhisarai,2664,3423,6155,43.281884646628754,55.61332250203087
East,Bihar,Aurangabad(bh),44,61,105,41.904761904761905,58.0952380952381
East,West Bengal,Alipurduar,1521,1714,3673,41.410291315001366,46.664851619929216
East,Bihar,Munger,2445,3534,6087,40.1675702316412,58.05815672745195
East,Bihar,Siwan,6149,9025,15311,40.160668800208995,58.944549670171774
East,Bihar,Sheikhpura,1244,1934,3199,38.88715223507346,60.45639262269459
East,Bihar,Kaimur (Bhabua),3033,4707,7825,38.76038338658147,60.15335463258786
East,Bihar,West Champaran,11585,18070,30438,38.06097641106512,59.3665812471253
East,Bihar,Sheikpura,11,18,29,37.93103448275862,62.06896551724138
East,Bihar,Gopalganj,5303,9649,15148,35.007921837866384,63.698177977290726
East,Bihar,Buxar,2528,4648,7240,34.91712707182321,64.19889502762432
East,Bihar,East Champaran,10147,18371,29323,34.60423558298946,62.65047914606282
East,Bihar,Rohtas,2741,5120,7939,34.52575891170173,64.49174959062854
East,West Bengal,Kalimpong,176,184,513,34.30799220272904,35.86744639376218
East,Odisha,Anugal,1,2,3,33.33333333333333,66.66666666666666
East,Bihar,Saran,7592,16407,24218,31.34858369807581,67.74713023371046
East,Bihar,Pashchim Champaran,5060,10737,16359,30.93098600158934,65.63359618558592
East,Bihar,Aurangabad,3001,7096,10170,29.50835791543756,69.77384464110128
East,Bihar,Patna,6745,17151,24644,27.369745171238435,69.59503327381918
East,Bihar,Purbi Champaran,4000,10071,14871,26.897989375294195,67.72241274964696
East,Bihar,Nalanda,3676,10763,14575,25.221269296740996,73.84562607204117
East,Bihar,Gaya,6722,20244,27401,24.531951388635452,73.88051530966024
East,Bihar,Bhojpur,3136,10115,13357,23.478325971400764,75.72808265329041
East,Bihar,Arwal,812,3020,3866,21.003621314019657,78.11691670977756
East,Bihar,Jehanabad,915,3827,4883,18.738480442351012,78.37395044030309
East,Bihar,Nawada,2742,12380,15413,17.79017712320768,80.32180626743659
East,West Bengal,KOLKATA,0,1,1,0.0,100.0
Islands,Andaman And Nicobar Islands,North And Middle Andaman,128,4,132,96.96969696969697,3.0303030303030303
Islands,Lakshadweep,Lakshadweep,192,10,203,94.58128078817734,4.926108374384237
Islands,Andaman And Nicobar Islands,South Andaman,178,12,190,93.6842105263158,6.315789473684211
Islands,Andaman And Nicobar Islands,Nicobar,64,11,75,85.33333333333334,14.666666666666666
North,Delhi,North East   *,2,0,2,100.0,0.0
North,Himachal Pradesh,Lahaul and Spiti,3,0,3,100.0,0.0
North,Jammu And Kashmir,punch,1,0,1,100.0,0.0
North,Rajasthan,Balotra,1,0,1,100.0,0.0
North,Rajasthan,Beawar,1,0,1,100.0,0.0
North,Rajasthan,Didwana-Kuchaman,2,0,2,100.0,0.0
North,Rajasthan,Salumbar,1,0,1,100.0,0.0
North,Himachal Pradesh,Bilaspur,985,14,999,98.5985985985986,1.4014014014014013
North,Himachal Pradesh,Hamirpur,1181,16,1198,98.58096828046745,1.335559265442404
North,Himachal Pradesh,Una,1226,21,1247,98.3159582999198,1.6840417000801924
North,Himachal Pradesh,Mandi,2460,43,2514,97.85202863961814,1.7104216388225937
North,Haryana,Charkhi Dadri,839,19,858,97.78554778554779,2.2144522144522143
North,Haryana,Jind,3729,92,3821,97.59225333682282,2.4077466631771784
North,Himachal Pradesh,Kangra,3869,75,3966,97.5542107917297,1.8910741301059002
North,Himachal Pradesh,Lahul and Spiti,31,1,32,96.875,3.125
North,Haryana,Kaithal,2894,85,2991,96.75693747910398,2.841858910063524
North,Haryana,Yamuna Nagar,3278,110,3396,96.52532391048292,3.239104829210836
North,Haryana,Kurukshetra,2315,78,2404,96.29783693843595,3.24459234608985
North,Haryana,Fatehabad,2510,92,2612,96.09494640122512,3.522205206738132
North,Haryana,Jhajjar,2515,99,2624,95.84603658536585,3.7728658536585367
North,Himachal Pradesh,Chamba,1586,64,1657,95.71514785757392,3.862401931200966
North,Haryana,Karnal,3861,179,4048,95.38043478260869,4.421936758893281
North,Himachal Pradesh,Sirmaur,1510,67,1584,95.32828282828282,4.22979797979798
North,Haryana,Bhiwani,3321,152,3489,95.18486672398969,4.356549154485526
North,Haryana,Ambala,3063,122,3218,95.183343691734,3.791174642635177
North,Haryana,Yamunanagar,56,3,59,94.91525423728814,5.084745762711865
North,Himachal Pradesh,Lahul & Spiti,36,2,38,94.73684210526315,5.263157894736842
North,Haryana,Hisar,4927,289,5234,94.13450515857853,5.521589606419564
North,Haryana,Sirsa,3135,198,3335,94.00299850074963,5.93703148425787
North,Himachal Pradesh,Solan,1105,65,1176,93.9625850340136,5.5272108843537415
North,Haryana,Rewari,2329,150,2485,93.72233400402415,6.036217303822937
North,Haryana,Mahendragarh,2575,155,2754,93.50036310820624,5.628177196804648
North,Haryana,Sonipat,4314,268,4619,93.39683914267157,5.802121671357437
North,Haryana,Panchkula,1287,92,1384,92.99132947976878,6.6473988439306355
North,Jammu And Kashmir,Pulwama,1738,118,1871,92.89150187065741,6.306787814003206
North,Uttarakhand,Garhwal,52,4,56,92.85714285714286,7.142857142857142
North,Haryana,Palwal,4367,332,4703,92.85562406974272,7.059323835849458
North,Punjab,Pathankot,1033,67,1115,92.6457399103139,6.00896860986547
North,Haryana,Rohtak,3161,191,3413,92.61646645180194,5.596249633753296
North,Haryana,Mewat,6989,550,7558,92.47155332098438,7.2770574225985705
North,Jammu And Kashmir,Budgam,793,51,859,92.31664726426077,5.9371362048894065
North,Uttarakhand,Chamoli,1006,77,1090,92.29357798165138,7.064220183486239
North,Jammu And Kashmir,Ganderbal,773,59,843,91.69632265717675,6.998813760379596
North,Punjab,Muktsar,306,28,334,91.61676646706587,8.383233532934131
North,Punjab,Rupnagar,1140,93,1246,91.49277688603532,7.463884430176565
North,Uttarakhand,Rudraprayag,874,82,956,91.42259414225941,8.577405857740587
North,Punjab,Barnala,926,79,1013,91.4116485686081,7.7986179664363275
North,Punjab,Ferozepur,1262,114,1381,91.38305575669804,8.254887762490949
North,Uttarakhand,Bageshwar,675,65,742,90.97035040431267,8.76010781671159
North,Jammu And Kashmir,Samba,532,47,588,90.47619047619048,7.993197278911565
North,Uttarakhand,Pauri Garhwal,1677,165,1856,90.35560344827587,8.890086206896552
North,Haryana,Panipat,5498,543,6088,90.30880420499344,8.919185282522996
North,Punjab,Tarn Taran,2646,273,2939,90.03062266076897,9.288873766587274
North,Uttarakhand,Almora,1228,131,1367,89.83174835405998,9.58302852962692
North,Jammu And Kashmir,Badgam,1674,190,1865,89.75871313672921,10.187667560321715
North,Punjab,Sangrur,2087,203,2329,89.60927436668098,8.71618720480893
North,Jammu And Kashmir,Kathua,2635,310,2954,89.20108327691267,10.49424509140149
North,Himachal Pradesh,Shimla,1488,161,1670,89.10179640718563,9.640718562874252
North,Jammu And Kashmir,Anantnag,2975,340,3350,88.80597014925374,10.149253731343283
North,Uttarakhand,Champawat,769,96,866,88.79907621247114,11.085450346420323
North,Punjab,Mansa,998,107,1124,88.79003558718861,9.519572953736654
North,Punjab,Bathinda,2388,298,2704,88.31360946745562,11.020710059171597
North,Punjab,Nawanshahr,169,23,192,88.02083333333334,11.979166666666668
North,Punjab,Sri Muktsar Sahib,1157,150,1315,87.9847908745247,11.406844106463879
North,Punjab,Faridkot,793,99,902,87.91574279379158,10.975609756097562
North,Uttarakhand,Tehri Garhwal,2444,324,2781,87.88205681409565,11.650485436893204
North,Punjab,Firozpur,347,48,395,87.84810126582279,12.151898734177214
North,Jammu And Kashmir,Srinagar,2851,270,3256,87.56142506142506,8.292383292383294
North,Uttarakhand,Pithoragarh,1065,146,1220,87.29508196721312,11.967213114754099
North,Jammu And Kashmir,Udhampur,2446,349,2806,87.17034925160371,12.437633642195296
North,Punjab,S.A.S Nagar(Mohali),241,36,277,87.00361010830325,12.996389891696749
North,Punjab,Moga,1335,159,1535,86.97068403908796,10.35830618892508
North,Punjab,Gurdaspur,4436,558,5120,86.640625,10.8984375
North,Uttarakhand,Nainital,3417,458,3951,86.48443432042521,11.592002024803847
North,Uttarakhand,Uttarkashi,978,149,1132,86.39575971731449,13.162544169611307
North,Punjab,Fazilka,1630,271,1911,85.29565672422815,14.181057038199896
North,Punjab,Hoshiarpur,3515,401,4134,85.02660861151428,9.700048379293662
North,Punjab,Fatehgarh Sahib,891,144,1048,85.01908396946564,13.740458015267176
North,Punjab,Shaheed Bhagat Singh Nagar,801,101,946,84.6723044397463,10.676532769556026
North,Jammu And Kashmir,Baramula,3155,528,3747,84.20069388844409,14.091273018414732
North,Himachal Pradesh,Kinnaur,137,21,163,84.04907975460122,12.883435582822086
North,Uttarakhand,Udham Singh Nagar,5092,985,6095,83.54388843314192,16.16078753076292
North,Punjab,Patiala,4298,769,5150,83.45631067961165,14.932038834951456
North,Jammu And Kashmir,Kishtwar,1058,205,1269,83.37273443656422,16.15445232466509
North,Uttar Pradesh,Kushinagar *,5,1,6,83.33333333333334,16.666666666666664
North,Jammu And Kashmir,Kupwara,2392,443,2875,83.2,15.408695652173913
North,Haryana,Nuh,1251,213,1506,83.06772908366534,14.143426294820719
North,Himachal Pradesh,Kullu,1022,111,1239,82.48587570621469,8.958837772397095
North,Uttarakhand,Dehradun,7797,1554,9485,82.20347917764892,16.383763837638377
North,Punjab,Malerkotla,711,146,865,82.19653179190752,16.878612716763005
North,Punjab,SAS Nagar (Mohali),2398,493,2953,81.2055536742296,16.6948865560447
North,Jammu And Kashmir,Jammu,3697,825,4558,81.11013602457217,18.10004387889425
North,Uttarakhand,Hardwar,118,28,146,80.82191780821918,19.17808219178082
North,Jammu And Kashmir,Shupiyan,537,128,666,80.63063063063063,19.21921921921922
North,Punjab,Jalandhar,3314,732,4118,80.47595920349684,17.7756192326372
North,Rajasthan,Chittaurgarh,286,70,357,80.11204481792717,19.607843137254903
North,Jammu And Kashmir,Kulgam,970,232,1211,80.0990916597853,19.15772089182494
North,Jammu And Kashmir,Leh,163,42,206,79.12621359223301,20.388349514563107
North,Punjab,Amritsar,7633,1775,9655,79.05748316934232,18.38425686172967
North,Haryana,Gurgaon,5417,1247,6861,78.9535053199242,18.175193120536363
North,Uttarakhand,Haridwar,4688,1215,5955,78.72376154492024,20.40302267002519
North,Jammu And Kashmir,Bandipore,1288,308,1639,78.58450274557657,18.79194630872483
North,Jammu And Kashmir,Punch,2063,548,2628,78.50076103500761,20.85235920852359
North,Haryana,Faridabad,12607,3225,16155,78.03775920767563,19.96285979572888
North,Jammu And Kashmir,Rajouri,2071,594,2674,77.4495138369484,22.213911742707555
North,Delhi,North West Delhi,12395,3293,16043,77.26111076481955,20.526086143489373
North,Uttar Pradesh,Bijnor,12935,3843,16851,76.7610230846834,22.805768203667437
North,Delhi,South East Delhi,46,9,60,76.66666666666667,15.0
North,Jammu And Kashmir,Doda,3447,1023,4502,76.56597067969791,22.723234118169703
North,Delhi,North East,1328,408,1738,76.40966628308401,23.475258918296895
North,Rajasthan,Ganganagar,4186,1276,5504,76.05377906976744,23.183139534883722
North,Rajasthan,Ajmer,9200,2787,12135,75.81376184590029,22.96662546353523
North,Delhi,South Delhi,10138,2780,13395,75.6849570735349,20.754012691302727
North,Rajasthan,Jhunjhunun,5749,1776,7611,75.53540927604783,23.334647221127316
North,Delhi,South West Delhi,6951,1945,9255,75.10534846029174,21.015667206915182
North,Delhi,East Delhi,8055,2458,10736,75.0279433681073,22.894932935916543
North,Jammu And Kashmir,Shopian,308,84,412,74.75728155339806,20.388349514563107
North,Rajasthan,Kota,5545,1876,7525,73.68770764119601,24.930232558139533
North,Rajasthan,Hanumangarh,3628,1271,4940,73.4412955465587,25.72874493927125
North,Jammu And Kashmir,Kargil,386,139,526,73.38403041825094,26.425855513307983
North,Uttar Pradesh,Jyotiba Phule Nagar,61,23,84,72.61904761904762,27.380952380952383
North,Rajasthan,Baran,4532,1658,6267,72.31530237753311,26.45603957236317
North,Delhi,West Delhi,14000,4405,19414,72.1129082105697,22.68981147625425
North,Rajasthan,Sikar,8163,3061,11400,71.60526315789474,26.85087719298246
North,Uttar Pradesh,Saharanpur,13708,5359,19166,71.52248773870396,27.96097255556715
North,Uttar Pradesh,Lalitpur,3376,1305,4753,71.02882390069429,27.456343362087104
North,Rajasthan,Tonk,4198,1656,5915,70.97210481825866,27.996618765849533
North,Rajasthan,Bhilwara,7865,3035,11083,70.96454028692592,27.384282234052154
North,Rajasthan,Jhalawar,4978,2002,7036,70.75042637862423,28.453666856168276
North,Delhi,North Delhi,3148,1230,4459,70.5987889661359,27.584660237721465
North,Uttar Pradesh,Moradabad,15196,6131,21545,70.53144581109306,28.456718496170808
North,Rajasthan,Bundi,3414,1334,4872,70.07389162561576,27.380952380952383
North,Delhi,Najafgarh,21,9,30,70.0,30.0
North,Delhi,Central Delhi,2761,993,3947,69.9518621738029,25.158348112490497
North,Punjab,S.A.S Nagar,493,164,705,69.9290780141844,23.26241134751773
North,Rajasthan,Dausa,4277,1807,6133,69.73748573292026,29.463557802054456
North,Rajasthan,Pratapgarh,2643,1133,3794,69.66262519768055,29.86294148655772
North,Punjab,Ludhiana,12209,4573,17614,69.31418190076076,25.962302713750425
North,Rajasthan,Pali,6300,2696,9114,69.12442396313364,29.580864603906075
North,Uttar Pradesh,Amroha,5605,2476,8142,68.84057971014492,30.41021861950381
North,Rajasthan,Jaipur,21436,8976,31146,68.82424709432993,28.81910999807359
North,Jammu And Kashmir,Ramban,1317,597,1920,68.59375,31.093749999999996
North,Delhi,North East Delhi,8299,3749,12113,68.51316767109716,30.950218773218857
North,Haryana,Gurugram,1804,625,2636,68.43702579666162,23.710166919575112
North,Rajasthan,Rajsamand,3078,1405,4512,68.21808510638297,31.13918439716312
North,Rajasthan,Sawai Madhopur,4575,2083,6744,67.83807829181495,30.886714116251486
North,Rajasthan,Karauli,5857,2670,8636,67.82075034738305,30.917091245947198
North,Rajasthan,Jhunjhunu,210,101,311,67.52411575562701,32.475884244372985
North,Uttar Pradesh,Shamli,5530,2613,8200,67.4390243902439,31.865853658536587
North,Rajasthan,Alwar,15764,7314,23383,67.41649916606082,31.279134413890436
North,Rajasthan,Nagaur,11618,5441,17267,67.28441535877685,31.51097469160827
North,Rajasthan,Dhaulpur,93,46,139,66.90647482014388,33.093525179856115
North,Rajasthan,Dholpur,5719,2711,8580,66.65501165501165,31.596736596736598
North,Rajasthan,Barmer,10522,5233,15851,66.38066998927512,33.013689988013375
North,Jammu And Kashmir,Reasi,1136,570,1715,66.23906705539359,33.23615160349854
North,Delhi,Shahdara,1121,515,1700,65.94117647058823,30.294117647058822
North,Rajasthan,Jodhpur,14563,6724,22215,65.55480531172631,30.267837047040285
North,Uttar Pradesh,Mahoba,1979,1029,3020,65.52980132450331,34.0728476821192
North,Uttar Pradesh,Pilibhit,8791,4631,13635,64.47378071140447,33.964063072973964
North,Uttar Pradesh,Jhansi,4570,2519,7160,63.8268156424581,35.18156424581005
North,Uttar Pradesh,Bara Banki,5776,3218,9086,63.570327977107645,35.41712524763373
North,Uttar Pradesh,Bulandshahar,115,70,185,62.16216216216216,37.83783783783784
North,Uttar Pradesh,Bareilly,17187,10017,27811,61.79928805149042,36.018122325698464
North,Rajasthan,Chittorgarh,3698,2160,5986,61.77748078850651,36.08419645840294
North,Rajasthan,Churu,7888,4732,12780,61.72143974960876,37.02660406885759
North,Uttar Pradesh,Hapur,4450,2771,7262,61.2778848801983,38.157532360231336
North,Uttar Pradesh,Muzaffarnagar,7250,4575,11949,60.674533433760146,38.28772282199347
North,Uttar Pradesh,Ayodhya,1027,634,1693,60.66154754873006,37.448316597755465
North,Rajasthan,Jalore,298,183,494,60.32388663967612,37.044534412955464
North,Rajasthan,Bharatpur,10236,6643,17054,60.02110941714554,38.95273836050194
North,Uttar Pradesh,Etah,6760,4345,11264,60.01420454545454,38.57421875
North,Uttar Pradesh,Rampur,12051,7757,20110,59.92541024365987,38.57284932869219
North,Uttar Pradesh,Rae Bareli,5812,3875,9729,59.73892486380923,39.8293760920958
North,Uttar Pradesh,Sonbhadra,2998,2023,5034,59.55502582439413,40.186730234406035
North,Uttar Pradesh,Meerut,14177,9598,24027,59.00445332334458,39.946726599242524
North,Uttar Pradesh,Barabanki,1401,922,2375,58.98947368421052,38.821052631578944
North,Rajasthan,Jaisalmer,1683,1120,2854,58.96986685353889,39.24316748423266
North,Uttar Pradesh,Firozabad,7250,4926,12300,58.94308943089431,40.04878048780488
North,Rajasthan,Dungarpur,3869,2649,6571,58.879926951757724,40.31349870643738
North,Uttar Pradesh,Hamirpur,2040,1398,3465,58.87445887445888,40.34632034632035
North,Uttar Pradesh,Hathras,3815,2596,6493,58.755582935468965,39.98151855844756
North,Uttar Pradesh,Faizabad,4052,2871,6926,58.50418712099336,41.452497834247765
North,Uttar Pradesh,Kaushambi,4356,3038,7463,58.36794854616107,40.707490285408014
North,Uttar Pradesh,Etawah,4173,2865,7154,58.33100363433045,40.04752585965893
North,Uttar Pradesh,Auraiya,2169,1547,3733,58.103402089472276,41.441200107152426
North,Rajasthan,Udaipur,8641,6073,14906,57.9699449885952,40.74198309405608
North,Rajasthan,Banswara,4203,3030,7263,57.86864931846345,41.718298223874434
North,Uttar Pradesh,Pratapgarh,5866,4386,10308,56.90725649980598,42.54947613504074
North,Rajasthan,Jalor,7882,5875,13991,56.33621613894647,41.99128010864127
North,Rajasthan,Bikaner,7464,5620,13283,56.192125272905216,42.30971918994203
North,Delhi,New Delhi,918,502,1637,56.07819181429444,30.6658521686011
North,Punjab,Kapurthala,2067,446,3726,55.475040257648956,11.969940955448202
North,Uttar Pradesh,Allahabad,7254,5946,13249,54.75130198505548,44.87885878179485
North,Uttar Pradesh,Sambhal,4744,3816,8677,54.673274173101305,43.97833352541201
North,Uttar Pradesh,Chitrakoot,2951,2436,5401,54.63802999444547,45.10275874837993
North,Uttar Pradesh,Agra,16314,12691,29910,54.54363089267803,42.430625208960215
North,Uttar Pradesh,Bulandshahr,9155,7521,16885,54.219721646431736,44.54249333728161
North,Uttar Pradesh,Amethi,3890,3251,7197,54.05029873558427,45.17159927747672
North,Uttar Pradesh,Lucknow,13739,11321,25514,53.84886728854747,44.371717488437724
North,Uttar Pradesh,Fatehpur,6526,5582,12333,52.914943647125604,45.26068272115463
North,Uttar Pradesh,Aligarh,13830,11776,26192,52.80238240684179,44.9602932193036
North,Uttar Pradesh,Shahjahanpur,12811,11033,24291,52.73969783047219,45.420114445679474
North,Uttar Pradesh,Mahrajganj,10,9,19,52.63157894736842,47.368421052631575
North,Uttar Pradesh,Sitapur,16237,13869,30854,52.62526738834511,44.95041161599793
North,Uttar Pradesh,Ghaziabad,11984,10693,23070,51.94625054182922,46.350238404854785
North,Uttar Pradesh,Unnao,9838,8943,19148,51.37873407144349,46.70461667014832
North,Rajasthan,Sirohi,5500,4853,10732,51.24860231084607,45.21990309355199
North,Uttar Pradesh,Baghpat,3482,3203,6839,50.91387629770434,46.834332504752155
North,Uttar Pradesh,Kasganj,3206,2977,6341,50.55984860432109,46.94843084686958
North,Uttar Pradesh,Kanpur Dehat,4032,3802,8017,50.293127104902084,47.42422352500936
North,Uttar Pradesh,Jalaun,2791,2641,5557,50.22494151520605,47.525643332733495
North,Uttar Pradesh,Budaun,7773,7407,15529,50.05473629982613,47.69785562495975
North,Uttar Pradesh,Hardoi,12591,12290,25193,49.97816853887985,48.783392212122415
North,Uttar Pradesh,Prayagraj,1428,1255,2865,49.84293193717277,43.80453752181501
North,Uttar Pradesh,Mathura,5851,5766,11746,49.812702196492424,49.08905159203133
North,Uttar Pradesh,Kushi Nagar,779,777,1570,49.617834394904456,49.49044585987261
North,Uttar Pradesh,Gonda,7445,7494,15267,48.765310801074214,49.08626449204166
North,Uttar Pradesh,Bhadohi,265,277,546,48.53479853479853,50.73260073260073
North,Uttar Pradesh,Farrukhabad,2844,2944,5870,48.44974446337309,50.15332197614991
North,Uttar Pradesh,Ambedkar Nagar,3856,4096,8002,48.18795301174706,51.187203199200205
North,Uttar Pradesh,Sultanpur,5465,5837,11434,47.796046877733076,51.04950148679377
North,Uttar Pradesh,Basti,4823,5216,10119,47.6628125308825,51.54659551339065
North,Uttar Pradesh,Gautam Buddha Nagar,9002,9318,18957,47.486416627103445,49.15334704858363
North,Uttar Pradesh,Kannauj,3083,3455,6638,46.44471226272974,52.04880988249473
North,Uttar Pradesh,Mirzapur,3536,4101,7645,46.252452583387836,53.642903858731195
North,Uttar Pradesh,Kanpur Nagar,11427,12606,24708,46.24817872753764,51.01991257892181
North,Uttar Pradesh,Chandauli,4405,4986,9566,46.04850512230818,52.122099100982645
North,Uttar Pradesh,Kheri,11282,12841,24578,45.90283993815608,52.245910977296774
North,Uttar Pradesh,Deoria,4700,5443,10257,45.82236521400019,53.06619869357512
North,Uttar Pradesh,Banda,4825,5563,10591,45.557548862241525,52.52572939288075
North,Uttar Pradesh,Sant Kabir Nagar,2789,3343,6169,45.20992057059491,54.19030637056249
North,Uttar Pradesh,Sant Ravidas Nagar Bhadohi,37,47,84,44.047619047619044,55.952380952380956
North,Uttar Pradesh,Mainpuri,5056,6483,11726,43.1178577520041,55.28739553129797
North,Uttar Pradesh,Sant Ravidas Nagar,1869,2547,4420,42.28506787330317,57.62443438914027
North,Uttar Pradesh,Kushinagar,4449,6132,10611,41.928187729714445,57.789086796720376
North,Uttar Pradesh,Ballia,4079,5860,9976,40.88813151563753,58.74097834803529
North,Uttar Pradesh,Varanasi,9479,13404,23334,40.6231250535699,57.44407302648496
North,Uttar Pradesh,Ghazipur,4323,6894,11288,38.29730687455705,61.07370659107016
North,Uttar Pradesh,Gorakhpur,7454,12090,19969,37.32785818017928,60.54384295658271
North,Uttar Pradesh,Bahraich,14674,22360,39338,37.30235395800498,56.84071381361533
North,Uttar Pradesh,Siddharth Nagar,1603,2586,4341,36.92697535130154,59.57152729785764
North,Uttar Pradesh,Shrawasti,1816,3151,5117,35.489544655071334,61.57905022474106
North,Uttar Pradesh,Siddharthnagar,4875,8739,14013,34.789124384500106,62.36351958895312
North,Uttar Pradesh,Maharajganj,6132,11265,17871,34.312573443008226,63.035084774215214
North,Uttar Pradesh,Shravasti,867,1570,2535,34.201183431952664,61.93293885601578
North,Uttar Pradesh,Mau,2590,4942,7579,34.173373796015305,65.20649162158595
North,Uttar Pradesh,Jaunpur,5400,10237,15853,34.0629533842175,64.5745284804138
North,Uttar Pradesh,Balrampur,4181,7907,12324,33.92567348263551,64.15936384290815
North,Uttar Pradesh,Azamgarh,6717,13577,20573,32.64958926748651,65.99426432703058
North,Rajasthan,Deeg,13,36,61,21.311475409836063,59.01639344262295
North,Rajasthan,Deeg ,1,7,8,12.5,87.5
North,Haryana,Jhajjar *,0,1,1,0.0,100.0
North,Uttar Pradesh,Bagpat,0,1,1,0.0,100.0
North,Uttar Pradesh,Raebareli,0,3,3,0.0,100.0
Northeast,Meghalaya,Jaintia Hills,4,0,4,100.0,0.0
Northeast,Mizoram,Hnahthial,2,0,2,100.0,0.0
Northeast,Mizoram,Mammit,71,8,79,89.87341772151899,10.126582278481013
Northeast,Tripura,Dhalai  *,28,4,32,87.5,12.5
Northeast,Mizoram,Mamit,141,27,171,82.45614035087719,15.789473684210526
Northeast,Mizoram,Serchhip,80,16,102,78.43137254901961,15.686274509803921
Northeast,Sikkim,North,34,10,44,77.27272727272727,22.727272727272727
Northeast,Assam,Hojai,5288,1607,7050,75.00709219858156,22.79432624113475
Northeast,Mizoram,Lunglei,541,116,726,74.51790633608816,15.977961432506888
Northeast,Assam,Barpeta,10545,3306,14383,73.31571994715983,22.98546895640687
Northeast,Assam,Bongaigaon,2324,626,3175,73.19685039370079,19.716535433070867
Northeast,Sikkim,North Sikkim,45,17,62,72.58064516129032,27.419354838709676
Northeast,Assam,South Salmara Mankachar,1062,364,1472,72.14673913043478,24.728260869565215
Northeast,Mizoram,Aizawl,762,236,1059,71.95467422096317,22.285174693106704
Northeast,Mizoram,Lawngtlai,1164,381,1642,70.88915956151035,23.203410475030452
Northeast,Tripura,North Tripura,1046,416,1488,70.29569892473118,27.956989247311824
Northeast,Tripura,West Tripura,1963,764,2802,70.05710206995003,27.26623840114204
Northeast,Arunachal Pradesh,Dibang Valley,7,3,10,70.0,30.0
Northeast,Assam,Nagaon,9002,3478,12873,69.92930940728657,27.017789171133376
Northeast,Assam,Nalbari,2709,977,3881,69.80159752641072,25.173924246328266
Northeast,Assam,Goalpara,6881,2220,9898,69.51909476661952,22.428773489593855
Northeast,Mizoram,Champhai,805,269,1165,69.09871244635193,23.09012875536481
Northeast,Mizoram,Kolasib,189,51,275,68.72727272727272,18.545454545454547
Northeast,Assam,Hailakandi,3826,1441,5578,68.59089279311581,25.83363212621011
Northeast,Tripura,Gomati,464,204,679,68.33578792341679,30.04418262150221
Northeast,Assam,Kamrup,9311,3370,13666,68.132591833748,24.659739499487777
Northeast,Assam,Sribhumi,115,43,169,68.04733727810651,25.443786982248522
Northeast,Tripura,Unakoti,433,179,639,67.76212832550861,28.012519561815335
Northeast,Arunachal Pradesh,Tawang,104,43,154,67.53246753246754,27.92207792207792
Northeast,Assam,Majuli,347,157,515,67.37864077669903,30.485436893203882
Northeast,Assam,Dhubri,8432,3849,12646,66.67721018503875,30.436501660604144
Northeast,Assam,Lakhimpur,4726,1825,7199,65.64800666759271,25.350743158772055
Northeast,Assam,Bajali,19,8,29,65.51724137931035,27.586206896551722
Northeast,Assam,Cachar,11474,4513,17514,65.51330364280005,25.76795706292109
Northeast,Tripura,Sepahijala,1121,577,1728,64.87268518518519,33.3912037037037
Northeast,Assam,Marigaon,6735,2928,10487,64.22237055401926,27.920282254219508
Northeast,Arunachal Pradesh,Namsai,95,54,150,63.33333333333333,36.0
Northeast,Assam,Karimganj,9336,4903,14833,62.940740241353744,33.054675385963726
Northeast,Tripura,South Tripura,1348,804,2158,62.46524559777572,37.256719184430025
Northeast,Arunachal Pradesh,Anjaw,23,11,37,62.16216216216216,29.72972972972973
Northeast,Arunachal Pradesh,Lohit,102,63,166,61.44578313253012,37.95180722891566
Northeast,Arunachal Pradesh,Changlang,486,304,803,60.52303860523038,37.858032378580326
Northeast,Assam,Chirang,2013,1071,3348,60.12544802867383,31.989247311827956
Northeast,Assam,Sonitpur,5501,2723,9197,59.812982494291624,29.607480700228333
Northeast,Arunachal Pradesh,Tirap,59,39,99,59.59595959595959,39.39393939393939
Northeast,Assam,Jorhat,2905,1122,4887,59.443421321874354,22.958870472682626
Northeast,Assam,Biswanath,789,464,1329,59.36794582392777,34.91346877351392
Northeast,Assam,Udalguri,2658,1322,4565,58.22562979189485,28.95947426067908
Northeast,Sikkim,East,215,153,370,58.108108108108105,41.351351351351354
Northeast,Tripura,Khowai,196,99,339,57.817109144542776,29.20353982300885
Northeast,Assam,Darrang,4390,1914,7595,57.80118499012509,25.200789993416723
Northeast,Assam,Baksa,2120,1179,3699,57.31278723979454,31.873479318734795
Northeast,Arunachal Pradesh,West Siang,110,80,192,57.291666666666664,41.66666666666667
Northeast,Assam,Sibsagar,1561,514,2737,57.033248081841435,18.77968578735842
Northeast,Mizoram,Saiha,374,181,657,56.925418569254184,27.54946727549467
Northeast,Arunachal Pradesh,West Kameng,157,103,278,56.4748201438849,37.05035971223021
Northeast,Assam,Dhemaji,3864,1846,6901,55.99188523402405,26.74974641356325
Northeast,Assam,Charaideo,659,336,1189,55.42472666105971,28.259041211101767
Northeast,Assam,Dibrugarh,3895,1675,7062,55.154347210421975,23.71849334466157
Northeast,Tripura,Dhalai,777,607,1420,54.718309859154935,42.74647887323943
Northeast,Assam,Kokrajhar,2519,1572,4609,54.653937947494036,34.10718160121501
Northeast,Sikkim,East Sikkim,184,136,339,54.27728613569322,40.117994100294986
Northeast,Arunachal Pradesh,Lower Dibang Valley,58,49,109,53.21100917431193,44.95412844036697
Northeast,Arunachal Pradesh,Upper Subansiri,76,55,143,53.14685314685315,38.46153846153847
Northeast,Manipur,Imphal West,645,559,1236,52.18446601941748,45.226537216828476
Northeast,Manipur,Senapati,764,721,1501,50.89940039973351,48.0346435709527
Northeast,Arunachal Pradesh,Pakke Kessang,2,1,4,50.0,25.0
Northeast,Manipur,Imphal East,559,564,1132,49.381625441696116,49.82332155477032
Northeast,Arunachal Pradesh,Upper Siang,21,21,43,48.837209302325576,48.837209302325576
Northeast,Meghalaya,South West Garo Hills,2417,1656,4956,48.76916868442292,33.41404358353511
Northeast,Arunachal Pradesh,East Kameng,88,79,181,48.61878453038674,43.646408839779006
Northeast,Assam,Sivasagar,204,113,422,48.34123222748815,26.77725118483412
Northeast,Assam,Golaghat,5537,4047,11505,48.12690134724033,35.176010430247715
Northeast,Arunachal Pradesh,East Siang,80,86,168,47.61904761904761,51.19047619047619
Northeast,Arunachal Pradesh,Lower Subansiri,50,55,105,47.61904761904761,52.38095238095239
Northeast,Assam,Dima Hasao,119,103,250,47.599999999999994,41.199999999999996
Northeast,Assam,North Cachar Hills,501,420,1058,47.35349716446125,39.69754253308129
Northeast,Assam,Tinsukia,3884,2867,8384,46.3263358778626,34.19608778625955
Northeast,Manipur,Bishnupur,516,559,1117,46.195165622202325,50.044762757385854
Northeast,Nagaland,Niuland,14,15,31,45.16129032258064,48.38709677419355
Northeast,Arunachal Pradesh,Papum Pare,201,241,447,44.966442953020135,53.914988814317674
Northeast,Sikkim,South,88,108,197,44.67005076142132,54.82233502538071
Northeast,Sikkim,West,92,111,208,44.230769230769226,53.36538461538461
Northeast,Manipur,Ukhrul,343,424,781,43.918053777208705,54.289372599231754
Northeast,Assam,Kamrup Metro,2654,2055,6046,43.89679126695336,33.98941448891829
Northeast,Sikkim,West Sikkim,206,256,501,41.11776447105788,51.09780439121756
Northeast,Sikkim,South Sikkim,187,247,459,40.74074074074074,53.812636165577345
Northeast,Assam,Tamulpur District,22,33,55,40.0,60.0
Northeast,Manipur,Thoubal,423,638,1067,39.64386129334583,59.79381443298969
Northeast,Arunachal Pradesh,Siang,39,60,103,37.86407766990291,58.252427184466015
Northeast,Manipur,Jiribam,53,91,145,36.55172413793103,62.758620689655174
Northeast,Assam,Karbi Anglong,2918,4107,8107,35.99358579005798,50.659923522881456
Northeast,Manipur,Kakching,39,69,109,35.77981651376147,63.30275229357798
Northeast,Nagaland,Peren,511,843,1454,35.14442916093535,57.97799174690509
Northeast,Nagaland,Dimapur,1118,1802,3196,34.981226533166456,56.38297872340425
Northeast,Nagaland,Kohima,562,952,1621,34.66995681677977,58.72917951881554
Northeast,Nagaland,Tuensang,512,983,1579,32.42558581380621,62.254591513616205
Northeast,Arunachal Pradesh,Lower Siang,10,18,31,32.25806451612903,58.06451612903226
Northeast,Manipur,Chandel,244,510,759,32.14756258234519,67.19367588932806
Northeast,Manipur,Tamenglong,297,634,960,30.9375,66.04166666666667
Northeast,Nagaland,Phek,309,695,1043,29.626078619367206,66.63470757430488
Northeast,Meghalaya,West Garo Hills,4545,6790,15875,28.629921259842522,42.77165354330709
Northeast,Nagaland,Mon,618,1434,2223,27.800269905533064,64.50742240215924
Northeast,Manipur,Churachandpur,1256,3274,4638,27.080638206123332,70.59077188443294
Northeast,Nagaland,Mokokchung,132,315,490,26.93877551020408,64.28571428571429
Northeast,Arunachal Pradesh,Kurung Kumey,19,44,75,25.333333333333336,58.666666666666664
Northeast,Nagaland,Longleng,205,636,889,23.059617547806525,71.54105736782903
Northeast,Meghalaya,South West Khasi Hills,789,1543,3446,22.89611143354614,44.77655252466628
Northeast,Arunachal Pradesh,Shi-yomi,8,22,35,22.857142857142858,62.857142857142854
Northeast,Arunachal Pradesh,Kra Daadi,18,59,81,22.22222222222222,72.8395061728395
Northeast,Nagaland,Tseminyu,7,15,32,21.875,46.875
Northeast,Nagaland,Wokha,118,410,558,21.14695340501792,73.47670250896059
Northeast,Assam,West Karbi Anglong,390,987,1884,20.70063694267516,52.38853503184714
Northeast,Meghalaya,West Jaintia Hills,2382,5636,11816,20.159106296547055,47.6980365605958
Northeast,Nagaland,Chumukedima,37,97,184,20.108695652173914,52.71739130434783
Northeast,Nagaland,Noklak,70,246,354,19.774011299435028,69.49152542372882
Northeast,Meghalaya,East Jaintia Hills,983,2354,5133,19.150594194428212,45.8601207870641
Northeast,Nagaland,Kiphire,163,693,908,17.951541850220266,76.3215859030837
Northeast,Nagaland,Zunheboto,131,583,761,17.21419185282523,76.60972404730617
Northeast,Meghalaya,East Garo Hills,1012,3366,6052,16.721744877726373,55.61797752808989
Northeast,Mizoram,Saitual,2,3,12,16.666666666666664,25.0
Northeast,Arunachal Pradesh,Longding,141,719,897,15.719063545150503,80.15607580824971
Northeast,Meghalaya,West Khasi Hills,2410,8178,15898,15.159139514404327,51.44043275883759
Northeast,Meghalaya,North Garo Hills,457,1854,3069,14.890843923101988,60.410557184750736
Northeast,Meghalaya,East Khasi Hills,4258,14606,28812,14.778564487019297,50.69415521310565
Northeast,Meghalaya,Ri Bhoi,1338,4598,9308,14.37473141383756,49.39836699613236
Northeast,Mizoram,Khawzawl,5,7,36,13.88888888888889,19.444444444444446
Northeast,Meghalaya,South Garo Hills,568,2427,4441,12.789912181941004,54.64985363656834
Northeast,Sikkim,Namchi,3,7,24,12.5,29.166666666666668
Northeast,Nagaland,Meluri,2,13,17,11.76470588235294,76.47058823529412
Northeast,Arunachal Pradesh,Kamle,3,25,30,10.0,83.33333333333334
Northeast,Manipur,Pherzawl,1,10,11,9.090909090909092,90.9090909090909
Northeast,Meghalaya,Kamrup,13,71,143,9.090909090909092,49.65034965034965
Northeast,Nagaland,Shamator,3,221,247,1.214574898785425,89.47368421052632
Northeast,Meghalaya,Eastern West Khasi Hills,3,226,818,0.36674816625916873,27.628361858190708
Northeast,Arunachal Pradesh,Leparada,0,2,3,0.0,66.66666666666666
Northeast,Sikkim,Mangan,0,2,3,0.0,66.66666666666666
Other,Andaman & Nicobar Islands,Nicobars,1,0,1,100.0,0.0
Other,Andaman & Nicobar Islands,South Andaman,38,0,38,100.0,0.0
Other,Chandigarh,Rupnagar,3,0,3,100.0,0.0
Other,Daman & Diu,Diu,12,0,12,100.0,0.0
Other,Jammu & Kashmir,Bandipur,2,0,2,100.0,0.0
Other,Jammu & Kashmir,Doda,2,0,2,100.0,0.0
Other,Jammu & Kashmir,Kathua,8,0,8,100.0,0.0
Other,Jammu & Kashmir,Leh (ladakh),3,0,3,100.0,0.0
Other,Jammu & Kashmir,Pulwama,4,0,4,100.0,0.0
Other,Jammu & Kashmir,Punch,1,0,1,100.0,0.0
Other,Jammu & Kashmir,Udhampur,2,0,2,100.0,0.0
Other,Orissa,Baudh,4,0,4,100.0,0.0
Other,Orissa,Debagarh,7,0,7,100.0,0.0
Other,Orissa,Gajapati,8,0,8,100.0,0.0
Other,Orissa,Jharsuguda,25,0,25,100.0,0.0
Other,Orissa,Kalahandi,11,0,11,100.0,0.0
Other,Orissa,Kendrapara *,1,0,1,100.0,0.0
Other,Orissa,Nuapada,2,0,2,100.0,0.0
Other,Orissa,Sonapur,22,0,22,100.0,0.0
Other,Orissa,Subarnapur,6,0,6,100.0,0.0
Other,Westbengal,HOOGHLY,1,0,1,100.0,0.0
Other,Orissa,Mayurbhanj,31,1,32,96.875,3.125
Other,Daman And Diu,Diu,60,2,62,96.7741935483871,3.225806451612903
Other,Pondicherry,Karaikal,154,8,162,95.06172839506173,4.938271604938271
Other,Orissa,Kandhamal,30,2,32,93.75,6.25
Other,Pondicherry,Pondicherry,1015,69,1084,93.63468634686348,6.365313653136531
Other,Andaman & Nicobar Islands,Andamans,70,5,75,93.33333333333333,6.666666666666667
Other,Orissa,Kendrapara,49,4,53,92.45283018867924,7.547169811320755
Other,Pondicherry,Yanam,24,2,26,92.3076923076923,7.6923076923076925
Other,Orissa,Bargarh,82,7,89,92.13483146067416,7.865168539325842
Other,Jammu & Kashmir,Baramula,43,4,47,91.48936170212765,8.51063829787234
Other,Chandigarh,Chandigarh,2473,211,2720,90.91911764705883,7.757352941176471
Other,Dadra And Nagar Haveli,Dadra and Nagar Haveli,669,71,744,89.91935483870968,9.543010752688172
Other,Orissa,Bhadrak,332,39,371,89.4878706199461,10.512129380053908
Other,Daman & Diu,Daman,8,1,9,88.88888888888889,11.11111111111111
Other,Jammu & Kashmir,Kupwara,8,1,9,88.88888888888889,11.11111111111111
Other,Orissa,Jagatsinghapur,31,4,35,88.57142857142857,11.428571428571429
Other,Orissa,Nayagarh,92,12,104,88.46153846153845,11.538461538461538
Other,Orissa,Puri,194,26,220,88.18181818181819,11.818181818181818
Other,Orissa,Ganjam,354,48,402,88.05970149253731,11.940298507462686
Other,Dadra & Nagar Haveli,Dadra & Nagar Haveli,22,3,25,88.0,12.0
Other,Orissa,Baleshwar,337,47,384,87.76041666666666,12.239583333333332
Other,Orissa,Sundargarh,121,18,139,87.05035971223022,12.949640287769784
Other,Orissa,Khordha,629,97,726,86.63911845730028,13.360881542699724
Other,Orissa,Dhenkanal,108,18,126,85.71428571428571,14.285714285714285
Other,Orissa,Malkangiri,40,7,47,85.1063829787234,14.893617021276595
Other,Orissa,Sambalpur,21,4,25,84.0,16.0
Other,Jammu & Kashmir,Jammu,52,10,62,83.87096774193549,16.129032258064516
Other,Orissa,Jajapur,93,18,111,83.78378378378379,16.216216216216218
Other,West Bangal,Hooghly,5,1,6,83.33333333333334,16.666666666666664
Other,Orissa,Anugul,42,9,51,82.35294117647058,17.647058823529413
Other,Orissa,Cuttack,265,57,322,82.29813664596274,17.70186335403727
Other,Daman And Diu,Daman,47,11,58,81.03448275862068,18.96551724137931
Other,Ladakh,Leh,101,13,125,80.80000000000001,10.4
Other,Orissa,Rayagada,146,35,181,80.66298342541437,19.337016574585636
Other,Orissa,Kendujhar,39,10,49,79.59183673469387,20.408163265306122
Other,Orissa,Koraput,94,25,119,78.99159663865547,21.008403361344538
Other,The Dadra And Nagar Haveli And Daman And Diu,Dadra And Nagar Haveli,548,141,716,76.53631284916202,19.692737430167597
Other,Orissa,Balangir,328,108,436,75.22935779816514,24.770642201834864
Other,Jammu & Kashmir,Anantnag,3,1,4,75.0,25.0
Other,Ladakh,Kargil,365,120,492,74.1869918699187,24.390243902439025
Other,Jammu & Kashmir,Srinagar,2,1,3,66.66666666666666,33.33333333333333
Other,Orissa,Baleswar,2,1,3,66.66666666666666,33.33333333333333
Other,West  Bengal,Hooghly,9,6,15,60.0,40.0
Other,Jammu & Kashmir,Kargil,2,2,4,50.0,50.0
Other,Jammu & Kashmir,Rajauri,1,1,2,50.0,50.0
Other,Orissa,Khorda,1,1,2,50.0,50.0
Other,West Bangal,Howrah,2,2,4,50.0,50.0
Other,Westbengal,Hooghly,3,3,6,50.0,50.0
Other,Orissa,Nabarangapur,1,2,3,33.33333333333333,66.66666666666666
Other,100000,100000,0,1,218,0.0,0.45871559633027525
Other,Jammu & Kashmir,Badgam,0,2,2,0.0,100.0
Other,Orissa,Sundergarh,0,1,1,0.0,100.0
South,Andhra Pradesh,Mahabubnagar,7,0,7,100.0,0.0
South,Andhra Pradesh,chittoor,4,0,4,100.0,0.0
South,Andhra Pradesh,rangareddi,1,0,1,100.0,0.0
South,Goa,Bardez,2,0,2,100.0,0.0
South,Karnataka,Bijapur(KAR),3,0,3,100.0,0.0
South,Karnataka,Chamarajanagar *,23,0,23,100.0,0.0
South,Karnataka,Udupi *,2,0,2,100.0,0.0
South,Puducherry,Pondicherry,3,0,3,100.0,0.0
South,Tamil Nadu,Tirupathur,4,0,4,100.0,0.0
South,Tamil Nadu,Tiruvarur,1,0,1,100.0,0.0
South,Andhra Pradesh,Srikakulam,4157,135,4300,96.67441860465115,3.1395348837209305
South,Andhra Pradesh,Anakapalli,523,12,543,96.31675874769797,2.209944751381215
South,Andhra Pradesh,Vizianagaram,3695,158,3856,95.8246887966805,4.097510373443983
South,Karnataka,Hasan,944,49,993,95.06545820745217,4.934541792547835
South,Andhra Pradesh,Nandyal,860,39,905,95.02762430939227,4.30939226519337
South,Karnataka,Haveri *,111,6,117,94.87179487179486,5.128205128205128
South,Andhra Pradesh,Ananthapuramu,3018,159,3187,94.69720740508315,4.989017885158456
South,Karnataka,Mandya,3401,150,3594,94.629938786867,4.173622704507513
South,Tamil Nadu,Kanyakumari,1896,92,2005,94.56359102244389,4.58852867830424
South,Karnataka,Chikmagalur,145,9,154,94.15584415584416,5.844155844155844
South,Tamil Nadu,Kanniyakumari,2139,135,2275,94.02197802197803,5.934065934065933
South,Andhra Pradesh,Visakhapatnam,7688,460,8178,94.00831499144044,5.624847150892639
South,Telangana,Rajanna Sircilla,834,51,888,93.91891891891892,5.743243243243244
South,Andhra Pradesh,West Godavari,5568,343,5935,93.81634372367313,5.77927548441449
South,Andhra Pradesh,Sri Sathya Sai,879,40,938,93.71002132196162,4.264392324093817
South,Karnataka,Chamrajnagar,356,24,380,93.6842105263158,6.315789473684211
South,Karnataka,Tumkur,2754,188,2942,93.60978925900748,6.390210740992522
South,Karnataka,Hassan,2333,142,2494,93.54450681635926,5.693664795509222
South,Karnataka,Shimoga,2111,149,2260,93.40707964601769,6.592920353982301
South,Telangana,Jagitial,1488,98,1595,93.29153605015674,6.144200626959248
South,Andhra Pradesh,East Godavari,7161,507,7678,93.26647564469914,6.603282104714769
South,Karnataka,Chamarajanagar,232,17,249,93.17269076305222,6.827309236947792
South,Karnataka,Gadag *,135,10,145,93.10344827586206,6.896551724137931
South,Karnataka,Tumakuru,2792,161,3000,93.06666666666666,5.366666666666667
South,Andhra Pradesh,Cuddapah,5519,413,5934,93.00640377485676,6.959892146949781
South,Karnataka,Mysore,2857,214,3073,92.97103807354377,6.96387894565571
South,Karnataka,Udupi,3338,210,3591,92.95460874408242,5.847953216374268
South,Andhra Pradesh,Dr. B. R. Ambedkar Konaseema,618,30,665,92.93233082706766,4.511278195488721
South,Andhra Pradesh,Kurnool,10923,823,11770,92.80373831775701,6.992353440951573
South,Karnataka,Uttara Kannada,3219,221,3470,92.76657060518731,6.368876080691642
South,Karnataka,Dharwad,4733,351,5103,92.74936311973349,6.878306878306878
South,Telangana,Kamareddy,1862,144,2008,92.72908366533864,7.171314741035857
South,Andhra Pradesh,Anantapur,4089,326,4415,92.61608154020385,7.383918459796149
South,Andhra Pradesh,Ananthapur,1843,151,1994,92.42728184553661,7.57271815446339
South,Karnataka,Haveri,3917,266,4242,92.33851956624234,6.270627062706271
South,Telangana,Nirmal,1292,106,1401,92.21984296930763,7.566024268379729
South,Karnataka,Kolar,3841,314,4186,91.75824175824175,7.501194457716196
South,Karnataka,Davangere,4416,352,4813,91.75150633700395,7.313525867442344
South,Karnataka,Gadag,4088,349,4457,91.72088849001571,7.830379178819833
South,Karnataka,Chickmagalur,1129,102,1231,91.7140536149472,8.285946385052803
South,Karnataka,Chitradurga,4042,326,4413,91.59302062089282,7.3872648991615675
South,Andhra Pradesh,Krishna,6163,540,6737,91.47988719014398,8.015437138192073
South,Andhra Pradesh,Chittoor,7493,659,8195,91.43380109823063,8.041488712629652
South,Andhra Pradesh,Parvathipuram Manyam,464,36,508,91.33858267716536,7.086614173228346
South,Puducherry,Puducherry,1213,85,1330,91.203007518797,6.390977443609022
South,Telangana,Nizamabad,5985,583,6577,90.99893568496275,8.864223810247832
South,Tamil Nadu,Tenkasi,1150,118,1268,90.69400630914826,9.305993690851736
South,Telangana,Siddipet,1701,174,1876,90.67164179104478,9.275053304904052
South,Karnataka,Dakshina Kannada,5896,530,6505,90.63797079169869,8.147578785549578
South,Karnataka,Belagavi,7063,622,7805,90.49327354260089,7.969250480461243
South,Karnataka,Davanagere,437,46,483,90.47619047619048,9.523809523809524
South,Karnataka,Kodagu,1095,75,1211,90.42113955408753,6.193228736581338
South,Andhra Pradesh,Eluru,568,45,629,90.30206677265501,7.154213036565977
South,Tamil Nadu,Tiruvannamalai,6556,677,7266,90.22846132672723,9.31736856592348
South,Karnataka,Chikkaballapur,2842,296,3152,90.16497461928934,9.390862944162437
South,Telangana,Warangal Rural,660,70,732,90.1639344262295,9.562841530054644
South,Andhra Pradesh,Guntur,8769,925,9729,90.13259327782917,9.507657518758352
South,Tamil Nadu,Tirupattur,944,102,1048,90.07633587786259,9.732824427480915
South,Karnataka,Shivamogga,2004,182,2229,89.90578734858681,8.16509645580978
South,Andhra Pradesh,Y. S. R,738,52,823,89.6719319562576,6.318347509113001
South,Puducherry,Karaikal,363,30,405,89.62962962962962,7.4074074074074066
South,Tamil Nadu,Madurai,8875,1024,9938,89.30368283356812,10.303884081304085
South,Karnataka,Chamrajanagar,1988,216,2227,89.26807364167041,9.69914683430624
South,Tamil Nadu,Perambalur,1898,232,2130,89.10798122065728,10.892018779342722
South,Telangana,Hanumakonda,916,109,1030,88.93203883495146,10.58252427184466
South,Andhra Pradesh,Kakinada,858,84,969,88.54489164086688,8.6687306501548
South,Karnataka,Chikkamagaluru,1018,95,1151,88.44483058210251,8.253692441355343
South,Andhra Pradesh,Palnadu,759,76,860,88.25581395348837,8.837209302325581
South,Telangana,Warangal Urban,585,72,663,88.23529411764706,10.85972850678733
South,Tamil Nadu,Virudhunagar,4769,627,5407,88.20048085814685,11.59607915664879
South,Karnataka,Ballari,2450,267,2781,88.09780654440848,9.60086299892125
South,Telangana,Karimnagar,5115,686,5808,88.06818181818183,11.81129476584022
South,Andhra Pradesh,Alluri Sitharama Raju,1105,116,1255,88.04780876494024,9.243027888446214
South,Karnataka,Bagalkot *,218,31,249,87.55020080321285,12.449799196787147
South,Tamil Nadu,Ranipet,97,13,111,87.38738738738738,11.711711711711711
South,Tamil Nadu,Namakkal,4257,606,4872,87.3768472906404,12.438423645320198
South,Telangana,Jangoan,892,130,1022,87.279843444227,12.720156555772993
South,Telangana,Peddapalli,513,72,588,87.24489795918367,12.244897959183673
South,Karnataka,Koppal,4752,650,5451,87.17666483214089,11.924417538066411
South,Tamil Nadu,Mayiladuthurai,437,64,502,87.05179282868527,12.749003984063744
South,Telangana,Yadadri.,1380,205,1586,87.01134930643127,12.925598991172762
South,Karnataka,Belgaum,5861,880,6743,86.9197686489693,13.050570962479608
South,Tamil Nadu,Cuddalore,7493,1093,8630,86.8250289687138,12.665121668597914
South,Karnataka,Ramanagar,2559,379,2949,86.77517802644964,12.851814174296372
South,Andhra Pradesh,Karim Nagar,71,11,82,86.58536585365853,13.414634146341465
South,Andhra Pradesh,Nizamabad,453,71,524,86.45038167938931,13.549618320610687
South,Tamil Nadu,Villupuram,5854,915,6772,86.4441819255759,13.511518015357355
South,Karnataka,Bagalkot,6158,900,7142,86.22234668160179,12.601512181461775
South,Karnataka,Vijayanagara,1822,241,2119,85.98395469561115,11.373289287399716
South,Andhra Pradesh,Nellore,4611,754,5367,85.91391839016211,14.048816843674306
South,Tamil Nadu,Vellore,8271,1309,9633,85.86110246029276,13.5887054915395
South,Karnataka,Bellary,3623,596,4220,85.85308056872037,14.123222748815165
South,Tamil Nadu,Tirunelveli,8303,1370,9675,85.81912144702842,14.160206718346252
South,Puducherry,Yanam,6,1,7,85.71428571428571,14.285714285714285
South,Telangana,Warangal (urban),6,1,7,85.71428571428571,14.285714285714285
South,Karnataka,Kalaburagi,4096,602,4782,85.65453785027185,12.588874947720619
South,Andhra Pradesh,Bapatla,421,55,492,85.56910569105692,11.178861788617885
South,Telangana,Suryapet,1743,297,2042,85.35749265426053,14.54456415279138
South,Karnataka,Bangalore Rural,2251,267,2644,85.13615733736762,10.098335854765507
South,Andhra Pradesh,Annamayya,868,48,1021,85.01469147894221,4.701273261508325
South,Tamil Nadu,Viluppuram,4341,781,5122,84.75204998047637,15.247950019523623
South,Andhra Pradesh,N. T. R,790,97,933,84.67309753483387,10.39657020364416
South,Tamil Nadu,Tiruchirappalli,8396,1531,9932,84.53483689085783,15.414820781312926
South,Telangana,Mancherial,924,169,1094,84.46069469835467,15.447897623400367
South,Tamil Nadu,Dharmapuri,4840,851,5739,84.33525004356159,14.828367311378287
South,Telangana,Adilabad,2517,467,2987,84.2651489789086,15.634415801807833
South,Tamil Nadu,Sivaganga,3740,685,4446,84.12055780476832,15.407107512370672
South,Andhra Pradesh,Prakasam,6405,1157,7623,84.02203856749311,15.177751541387904
South,Karnataka,Gulbarga,3650,703,4356,83.79247015610652,16.1386593204775
South,Andhra Pradesh,Karimnagar,552,107,659,83.76327769347496,16.236722306525035
South,Tamil Nadu,Theni,2908,563,3473,83.73164411171898,16.210768787791537
South,Karnataka,Mysuru,3650,463,4361,83.69639990827793,10.616831002063746
South,Telangana,Jogulamba Gadwal,1543,299,1844,83.6767895878525,16.21475054229935
South,Tamil Nadu,Karur,3362,654,4019,83.65264991291366,16.27270465289873
South,Andhra Pradesh,Medak,1176,229,1406,83.64153627311522,16.287339971550498
South,Tamil Nadu,Thoothukkudi,4439,877,5319,83.45553675502913,16.48806166572664
South,Kerala,Wayanad,1265,233,1516,83.44327176781002,15.369393139841689
South,Telangana,Warangal,2462,490,2952,83.40108401084011,16.59891598915989
South,Karnataka,Vijayapura,4662,842,5596,83.3095067905647,15.046461758398857
South,Telangana,Medchal−malkajgiri,445,88,535,83.17757009345794,16.448598130841123
South,Karnataka,yadgir,573,116,689,83.16400580551525,16.835994194484762
South,Telangana,Mahabubabad,1249,253,1503,83.10046573519627,16.833000665335994
South,Telangana,Komaram Bheem,917,189,1106,82.91139240506328,17.088607594936708
South,Tamil Nadu,Ramanathapuram,3318,644,4005,82.84644194756554,16.079900124843945
South,Telangana,Narayanpet,1082,224,1310,82.59541984732824,17.099236641221374
South,Tamil Nadu,Erode,4964,1045,6017,82.49958451055343,17.36745886654479
South,Tamil Nadu,Kallakurichi,877,149,1064,82.42481203007519,14.003759398496241
South,Goa,South Goa,805,108,977,82.39508700102354,11.05424769703173
South,Kerala,Idukki,1399,271,1698,82.39104829210837,15.959952885747938
South,Karnataka,Ramanagara,168,24,204,82.35294117647058,11.76470588235294
South,Karnataka,Bangalore,5776,1236,7016,82.32611174458381,17.616875712656785
South,Andhra Pradesh,Visakhapatanam,186,28,226,82.30088495575221,12.389380530973451
South,Telangana,Sangareddy,2224,468,2703,82.27894931557529,17.314095449500556
South,Tamil Nadu,Salem,8417,1608,10249,82.12508537418285,15.689335544931213
South,Tamil Nadu,Tiruppur,5078,1109,6192,82.00904392764858,17.910206718346252
South,Tamil Nadu,Nagapattinam,3315,732,4047,81.91252779836915,18.08747220163084
South,Tamil Nadu,Krishnagiri,4157,910,5075,81.91133004926108,17.93103448275862
South,Goa,North Goa,1109,146,1354,81.90546528803544,10.782865583456426
South,Telangana,Medak,6158,1379,7544,81.62778366914104,18.279427359490985
South,Andhra Pradesh,Nalgonda,951,216,1167,81.49100257069408,18.50899742930591
South,Telangana,Jangaon,66,15,81,81.48148148148148,18.51851851851852
South,Telangana,Nalgonda,5405,1246,6661,81.14397237652004,18.705900015012762
South,Andhra Pradesh,Warangal,858,201,1059,81.01983002832861,18.980169971671387
South,Karnataka,Bidar,3960,896,4920,80.48780487804879,18.211382113821138
South,Telangana,Vikarabad,2085,506,2593,80.40879290397224,19.514076359429232
South,Tamil Nadu,Thiruvarur,3346,816,4165,80.33613445378151,19.591836734693878
South,Andhra Pradesh,Adilabad,1137,281,1419,80.12684989429175,19.802677942212828
South,Tamil Nadu,Ariyalur,1927,405,2412,79.8922056384743,16.791044776119403
South,Tamil Nadu,Thanjavur,5881,1471,7372,79.77482365708084,19.95387954422138
South,Andhra Pradesh,K.V.Rangareddy,55,14,69,79.71014492753623,20.28985507246377
South,Kerala,Kasargod,251,64,315,79.68253968253968,20.317460317460316
South,Tamil Nadu,Coimbatore,7139,1804,8986,79.44580458490987,20.07567326953038
South,Andhra Pradesh,Hyderabad,3831,1008,4840,79.15289256198346,20.826446280991735
South,Telangana,Nagarkurnool,1077,282,1361,79.13299044819986,20.720058780308598
South,Telangana,Jayashankar Bhupalpally,670,173,847,79.10271546635182,20.425029515938604
South,Telangana,Rangareddy,237,61,300,79.0,20.333333333333332
South,Andhra Pradesh,K.v. Rangareddy,15,4,19,78.94736842105263,21.052631578947366
South,Andhra Pradesh,Rangareddi,1478,405,1883,78.49176845459374,21.508231545406268
South,Telangana,K.v. Rangareddy,13564,3681,17409,77.91372278706416,21.144235740134413
South,Karnataka,Raichur,7619,2056,9779,77.91185192759997,21.02464464669189
South,Karnataka,Bijapur,3296,930,4231,77.90120538879698,21.980619238950602
South,Telangana,Bhadradri Kothagudem,2490,682,3211,77.54593584553099,21.239489255683587
South,Karnataka,Yadgir,4847,1300,6258,77.45286033876638,20.773410035155003
South,Kerala,Palakkad,5174,1381,6724,76.94824509220702,20.538370017846518
South,Tamil Nadu,Dindigul,4678,1393,6083,76.90284399145159,22.89988492520138
South,Andhra Pradesh,Khammam,869,264,1133,76.69902912621359,23.300970873786408
South,Tamil Nadu,Chennai,7686,2159,10043,76.53091705665638,21.49756048989346
South,Tamil Nadu,Thiruvallur,461,134,605,76.19834710743801,22.14876033057851
South,Tamil Nadu,Tiruvallur,8712,2665,11435,76.18714473108876,23.30564057717534
South,Telangana,Wanaparthy,1266,401,1667,75.94481103779243,24.05518896220756
South,Telangana,Hyderabad,19721,5600,25990,75.87918430165448,21.546748749519047
South,Kerala,Kasaragod,2695,798,3555,75.80872011251758,22.447257383966246
South,Tamil Nadu,Pudukkottai,5339,1670,7045,75.78424414478353,23.70475514549326
South,Telangana,Mahabubnagar,7689,2463,10168,75.6195908733281,24.22305271439811
South,Telangana,Medchal-malkajgiri,3064,900,4070,75.28255528255528,22.11302211302211
South,Kerala,Kollam,3814,1042,5069,75.24166502268692,20.556322746103767
South,Telangana,Mulugu,700,233,937,74.70651013874067,24.86659551760939
South,Tamil Nadu,The Nilgiris,1279,430,1714,74.62077012835474,25.087514585764293
South,Kerala,Kottayam,2465,804,3321,74.22463113520024,24.209575429087625
South,Tamil Nadu,Kancheepuram,9629,3354,13050,73.78544061302682,25.701149425287355
South,Kerala,Thiruvananthapuram,4836,1394,6663,72.57991895542548,20.921506828755813
South,Telangana,Khammam,2800,1079,3888,72.0164609053498,27.752057613168724
South,Kerala,Pathanamthitta,1398,480,1951,71.6555612506407,24.602767811378783
South,Tamil Nadu,Kanchipuram,277,89,387,71.57622739018088,22.997416020671835
South,Andhra Pradesh,Mahabub Nagar,1079,432,1511,71.409662475182,28.590337524818
South,Kerala,Alappuzha,2536,892,3559,71.25597077830851,25.063220005619556
South,Andhra Pradesh,Mahbubnagar,511,211,722,70.77562326869807,29.224376731301938
South,Kerala,Malappuram,10205,4116,14567,70.05560513489394,28.25564632388275
South,Kerala,Thrissur,4914,1672,7071,69.49512091641917,23.645877527930985
South,Tamil Nadu,Chengalpattu,862,319,1253,68.79489225857941,25.458898643256184
South,Kerala,Kozhikode,4587,1914,6704,68.42183770883055,28.55011933174224
South,Kerala,Kannur,4013,1722,5965,67.27577535624476,28.868398994132438
South,Kerala,Ernakulam,4185,1807,6324,66.17647058823529,28.573687539531946
South,Karnataka,Bengaluru,20441,6732,30980,65.9812782440284,21.73014848289219
South,Telangana,Ranga Reddy,181,93,284,63.732394366197184,32.74647887323944
South,Telangana,Medchal Malkajgiri,409,265,704,58.09659090909091,37.64204545454545
South,Andhra Pradesh,Spsr Nellore,1167,713,2183,53.45854328905176,32.66147503435639
South,Karnataka,Bengaluru Urban,12111,7167,23074,52.48764843546849,31.060934385022104
South,Karnataka,Bengaluru Rural,1439,730,2790,51.577060931899645,26.16487455197133
South,Tamil Nadu,Tuticorin,1,1,2,50.0,50.0
South,Telangana,Medchal?malkajgiri,1,1,2,50.0,50.0
South,Andhra Pradesh,Tirupati,802,689,1719,46.65503199534613,40.081442699243745
South,Andhra Pradesh,Sri Potti Sriramulu Nellore,689,622,1614,42.68897149938042,38.53779429987608
South,Karnataka,Bengaluru South,15,183,203,7.389162561576355,90.14778325123153
South,Tamil Nadu,Namakkal   *,0,1,1,0.0,100.0
West,Maharashtra,Hingoli *,1,0,1,100.0,0.0
West,Maharashtra,Bhandara,1842,55,1903,96.79453494482397,2.8901734104046244
West,Maharashtra,Gondiya,2780,104,2890,96.19377162629758,3.598615916955018
West,Maharashtra,Wardha,1859,89,1953,95.18689196108551,4.5570916538658475
West,Maharashtra,Sindhudurg,1121,59,1202,93.261231281198,4.908485856905158
West,Maharashtra,Gondiya *,53,4,57,92.98245614035088,7.017543859649122
West,Maharashtra,Ahilyanagar,12,1,13,92.3076923076923,7.6923076923076925
West,Maharashtra,Ratnagiri,2352,219,2603,90.35728006146753,8.41336918939685
West,Gujarat,Narmada,1155,96,1280,90.234375,7.5
West,Maharashtra,Washim,3041,300,3386,89.81098641464855,8.860011813349084
West,Maharashtra,Chandrapur,4014,375,4475,89.69832402234637,8.379888268156424
West,Maharashtra,Buldana,963,112,1075,89.5813953488372,10.418604651162791
West,Gujarat,Navsari,2453,201,2757,88.97352194414219,7.290533188248095
West,Gujarat,Junagadh,4876,568,5536,88.07803468208093,10.260115606936417
West,Maharashtra,Gadchiroli,2084,268,2374,87.7843302443134,11.288963774220724
West,Maharashtra,Washim *,28,4,32,87.5,12.5
West,Maharashtra,Gondia,25,4,29,86.20689655172413,13.793103448275861
West,Gujarat,Bharuch,3745,508,4351,86.07216731785796,11.675476901861641
West,Maharashtra,Kolhapur,6423,985,7480,85.86898395721924,13.168449197860962
West,Maharashtra,Satara,5148,717,6021,85.50074738415545,11.908320876930741
West,Maharashtra,Nagpur,10093,1502,11828,85.33141697666554,12.698681095705105
West,Maharashtra,Raigarh,4414,815,5230,84.39770554493307,15.583173996175908
West,Maharashtra,Akola,3966,693,4708,84.23959218351742,14.719626168224298
West,Gujarat,Tapi,1856,205,2212,83.90596745027125,9.267631103074141
West,Maharashtra,Amravati,5783,1025,6915,83.6297903109183,14.822848879248014
West,Maharashtra,Jalna,4627,944,5590,82.77280858676207,16.887298747763865
West,Gujarat,Bhavnagar,8420,1309,10174,82.75997641045802,12.8661293493218
West,Maharashtra,Buldhana,5849,1093,7084,82.56634669678148,15.429136081309993
West,Gujarat,Jamnagar,4998,799,6078,82.23099703849951,13.145771635406383
West,Maharashtra,Osmanabad,3303,713,4026,82.04172876304024,17.70988574267263
West,Maharashtra,Raigarh(MH),72,16,88,81.81818181818183,18.181818181818183
West,Gujarat,Arvalli,1952,322,2391,81.63948138854036,13.467168548724384
West,Gujarat,Mahesana,5289,908,6490,81.49460708782743,13.990755007704161
West,Maharashtra,Ahmed Nagar,277,63,340,81.47058823529412,18.529411764705884
West,Maharashtra,Mumbai( Sub Urban ),340,79,419,81.14558472553699,18.85441527446301
West,Maharashtra,Parbhani,5062,1011,6272,80.7079081632653,16.11926020408163
West,Gujarat,Amreli,3460,587,4293,80.59631959003029,13.67342184952248
West,Gujarat,Anand,5616,828,6980,80.45845272206303,11.862464183381089
West,Gujarat,The Dangs,1068,186,1328,80.42168674698796,14.006024096385541
West,Maharashtra,Yavatmal,6054,1339,7594,79.72083223597576,17.632341322096394
West,Gujarat,Porbandar,2006,332,2519,79.6347757046447,13.17983326716951
West,Dadra And Nagar Haveli And Daman And Diu,Dadra and Nagar Haveli,70,10,88,79.54545454545455,11.363636363636363
West,Gujarat,Mahisagar,2036,397,2563,79.43815840811548,15.489660554038236
West,Maharashtra,Ahmadnagar,9369,2338,11836,79.15680973301791,19.75329503210544
West,Maharashtra,Mumbai City,2314,449,2929,79.00307272106521,15.329463980880847
West,Maharashtra,Jalgaon,10454,2579,13260,78.83861236802413,19.449472096530922
West,Gujarat,Valsad,5818,1406,7448,78.11493018259935,18.877551020408163
West,Gujarat,Botad,2302,474,2947,78.11333559552087,16.084153376314898
West,Dadra And Nagar Haveli And Daman And Diu,Daman,49,5,63,77.77777777777779,7.936507936507936
West,Maharashtra,Hingoli,6359,1457,8189,77.65294907803151,17.792160214922458
West,Maharashtra,Solapur,9537,2495,12292,77.58704848682069,20.29775463716238
West,Maharashtra,Bid,439,129,568,77.2887323943662,22.711267605633804
West,Gujarat,Kheda,5826,1224,7567,76.99220298665257,16.175498876701468
West,Gujarat,Panchmahals,4828,1122,6279,76.89122471731167,17.869087434304827
West,Maharashtra,Nanded,9164,2447,11947,76.70544906671131,20.482129404871515
West,Maharashtra,Latur,5828,1631,7607,76.6136453266728,21.440778230577102
West,Gujarat,Gir Somnath,4375,975,5723,76.44591997204263,17.036519308055215
West,Maharashtra,Pune,24088,6536,31763,75.83666530239587,20.577401378962946
West,Gujarat,Vadodara,9306,2433,12284,75.7570823835884,19.8062520351677
West,Maharashtra,Nandurbar *,106,33,140,75.71428571428571,23.57142857142857
West,Maharashtra,Raigad,2585,743,3433,75.29857267695893,21.642877949315466
West,Maharashtra,Sangli,5697,1802,7632,74.64622641509435,23.61111111111111
West,Gujarat,Devbhumi Dwarka,1845,422,2490,74.09638554216868,16.947791164658636
West,Maharashtra,Beed,7454,2461,10185,73.18605792832597,24.162984781541482
West,Maharashtra,Mumbai,10594,3881,14552,72.80098955470038,26.669873556899393
West,Gujarat,Rajkot,12419,3732,17070,72.75336848271822,21.86291739894552
West,Maharashtra,Nandurbar,7649,2630,10516,72.73678204640548,25.00950931913275
West,Maharashtra,Nashik,16262,5802,22368,72.70207439198856,25.938841201716738
West,Gujarat,Surat,18412,6399,25469,72.29180572460638,25.12466135301739
West,Gujarat,Gandhinagar,4075,837,5650,72.12389380530973,14.814159292035397
West,Maharashtra,Aurangabad,12374,4874,17393,71.14356350255851,28.02276778014144
West,Gujarat,Surendra Nagar,4853,1665,6855,70.79504011670313,24.288840262582056
West,Gujarat,Sabarkantha,3603,1173,5115,70.43988269794721,22.932551319648095
West,Gujarat,Morbi,5548,1803,8004,69.31534232883558,22.52623688155922
West,Maharashtra,Palghar,7343,3191,10699,68.63258248434433,29.82521731002897
West,Maharashtra,Mumbai Suburban,12480,4946,18216,68.51119894598156,27.151954325867365
West,Gujarat,Patan,6023,2228,8967,67.16850674696107,24.846659975465595
West,Gujarat,Ahmedabad,12844,5679,19130,67.14061683220073,29.686356508102456
West,Maharashtra,Thane,29092,13629,43688,66.59036806445707,31.19620948544223
West,Gujarat,Kachchh,6176,2605,9302,66.39432380133304,28.004730165555795
West,Maharashtra,Dharashiv,89,28,144,61.80555555555556,19.444444444444446
West,Gujarat,Ahmadabad,4105,2322,6667,61.57192140392981,34.82825858707065
West,Gujarat,Panch Mahals,858,444,1402,61.19828815977175,31.669044222539227
West,Gujarat,Dang,531,179,872,60.89449541284404,20.527522935779814
West,Maharashtra,Dhule,7244,4842,12605,57.46925823086077,38.41332804442681
West,Gujarat,Banaskantha,9944,5781,17360,57.28110599078341,33.30069124423963
West,Dadra And Nagar Haveli And Daman And Diu,Diu,12,6,22,54.54545454545454,27.27272727272727
West,Maharashtra,Chatrapati Sambhaji Nagar,114,81,211,54.02843601895735,38.388625592417064
West,Gujarat,Chhotaudepur,2215,1303,4107,53.93231068906744,31.726320915510104
West,Gujarat,Surendranagar,771,593,1442,53.46740638002774,41.123439667128984
West,Gujarat,Dahod,5341,3891,10509,50.82310400609001,37.02540679417642
West,Maharashtra,Ahmednagar,182,158,368,49.45652173913043,42.934782608695656
West,Gujarat,Sabar Kantha,1083,1197,2437,44.43988510463685,49.117767747230204
West,Gujarat,Banas Kantha,5997,6719,13498,44.42880426729886,49.777744851089054
West,Maharashtra,Chhatrapati Sambhajinagar,411,365,1010,40.69306930693069,36.13861386138614
West,Gujarat,Dohad,5003,7330,13003,38.47573636853034,56.37160655233407
